카테고리,품명,월,수량
액세서리,액세서리 01,2028-01-01,27.0
액세서리,액세서리 01,2028-02-01,29.0
액세서리,액세서리 01,2028-03-01,56.0
액세서리,액세서리 01,2028-04-01,47.0
액세서리,액세서리 01,2028-05-01,45.0
액세서리,액세서리 01,2028-06-01,44.0
액세서리,액세서리 01,2028-07-01,38.0
액세서리,액세서리 01,2028-08-01,42.0
액세서리,액세서리 01,2028-09-01,39.0
액세서리,액세서리 01,2028-10-01,38.0
액세서리,액세서리 01,2028-11-01,42.0
액세서리,액세서리 01,2028-12-01,34.0
액세서리,액세서리 01,2029-01-01,44.0
액세서리,액세서리 01,2029-02-01,29.0
액세서리,액세서리 01,2029-03-01,38.0
액세서리,액세서리 01,2029-04-01,28.0
액세서리,액세서리 01,2029-05-01,57.0
액세서리,액세서리 02,2028-01-01,4.0
액세서리,액세서리 02,2028-02-01,13.0
액세서리,액세서리 02,2028-03-01,9.0
액세서리,액세서리 02,2028-04-01,13.0
액세서리,액세서리 02,2028-05-01,16.0
액세서리,액세서리 02,2028-06-01,17.0
액세서리,액세서리 02,2028-07-01,6.0
액세서리,액세서리 02,2028-08-01,13.0
액세서리,액세서리 02,2028-09-01,16.0
액세서리,액세서리 02,2028-10-01,9.0
액세서리,액세서리 02,2028-11-01,6.0
액세서리,액세서리 02,2028-12-01,9.0
액세서리,액세서리 03,2028-01-01,234.0
액세서리,액세서리 03,2028-02-01,257.0
액세서리,액세서리 03,2028-03-01,366.0
액세서리,액세서리 03,2028-04-01,275.0
액세서리,액세서리 03,2028-05-01,268.0
액세서리,액세서리 03,2028-06-01,271.0
액세서리,액세서리 03,2028-07-01,259.0
액세서리,액세서리 03,2028-08-01,254.0
액세서리,액세서리 03,2028-09-01,311.0
액세서리,액세서리 03,2028-10-01,324.0
액세서리,액세서리 03,2028-11-01,309.0
액세서리,액세서리 03,2028-12-01,374.0
액세서리,액세서리 03,2029-01-01,322.0
액세서리,액세서리 03,2029-02-01,295.0
액세서리,액세서리 03,2029-03-01,334.0
액세서리,액세서리 03,2029-04-01,381.0
액세서리,액세서리 03,2029-05-01,275.0
액세서리,액세서리 04,2028-01-01,1.0
액세서리,액세서리 04,2028-02-01,0.0
액세서리,액세서리 04,2028-03-01,0.0
액세서리,액세서리 04,2028-04-01,0.0
액세서리,액세서리 04,2028-05-01,0.0
액세서리,액세서리 04,2028-06-01,0.0
액세서리,액세서리 04,2028-07-01,1.0
액세서리,액세서리 04,2028-08-01,0.0
액세서리,액세서리 04,2028-09-01,0.0
액세서리,액세서리 04,2028-10-01,0.0
액세서리,액세서리 04,2028-11-01,0.0
액세서리,액세서리 04,2028-12-01,0.0
액세서리,액세서리 05,2028-01-01,59.0
액세서리,액세서리 05,2028-02-01,80.0
액세서리,액세서리 05,2028-03-01,80.0
액세서리,액세서리 05,2028-04-01,74.0
액세서리,액세서리 05,2028-05-01,79.0
액세서리,액세서리 05,2028-06-01,73.0
액세서리,액세서리 05,2028-07-01,90.0
액세서리,액세서리 05,2028-08-01,98.0
액세서리,액세서리 05,2028-09-01,24.0
액세서리,액세서리 05,2028-10-01,2.0
액세서리,액세서리 05,2028-11-01,1.0
액세서리,액세서리 05,2028-12-01,0.0
액세서리,액세서리 05,2029-01-01,2.0
액세서리,액세서리 05,2029-02-01,0.0
액세서리,액세서리 05,2029-03-01,0.0
액세서리,액세서리 05,2029-04-01,0.0
액세서리,액세서리 05,2029-05-01,0.0
액세서리,액세서리 06,2028-01-01,332.0
액세서리,액세서리 06,2028-02-01,6.0
액세서리,액세서리 06,2028-03-01,1.0
액세서리,액세서리 06,2028-04-01,10.0
액세서리,액세서리 06,2028-05-01,7.0
액세서리,액세서리 06,2028-06-01,7.0
액세서리,액세서리 06,2028-07-01,7.0
액세서리,액세서리 06,2028-08-01,14.0
액세서리,액세서리 06,2028-09-01,1.0
액세서리,액세서리 06,2028-10-01,0.0
액세서리,액세서리 06,2028-11-01,0.0
액세서리,액세서리 06,2028-12-01,0.0
액세서리,액세서리 06,2029-01-01,0.0
액세서리,액세서리 06,2029-02-01,0.0
액세서리,액세서리 06,2029-03-01,0.0
액세서리,액세서리 06,2029-04-01,0.0
액세서리,액세서리 06,2029-05-01,0.0
액세서리,액세서리 07,2028-01-01,1083.0
액세서리,액세서리 07,2028-02-01,920.0
액세서리,액세서리 07,2028-03-01,939.0
액세서리,액세서리 07,2028-04-01,339.0
액세서리,액세서리 07,2028-05-01,14.0
액세서리,액세서리 07,2028-06-01,6.0
액세서리,액세서리 07,2028-07-01,11.0
액세서리,액세서리 07,2028-08-01,1.0
액세서리,액세서리 07,2028-09-01,0.0
액세서리,액세서리 07,2028-10-01,0.0
액세서리,액세서리 07,2028-11-01,0.0
액세서리,액세서리 07,2028-12-01,0.0
액세서리,액세서리 08,2028-01-01,1449.0
액세서리,액세서리 08,2028-02-01,1673.0
액세서리,액세서리 08,2028-03-01,1833.0
액세서리,액세서리 08,2028-04-01,2091.0
액세서리,액세서리 08,2028-05-01,2180.0
액세서리,액세서리 08,2028-06-01,2163.0
액세서리,액세서리 08,2028-07-01,2090.0
액세서리,액세서리 08,2028-08-01,2098.0
액세서리,액세서리 08,2028-09-01,2401.0
액세서리,액세서리 08,2028-10-01,2431.0
액세서리,액세서리 08,2028-11-01,1812.0
액세서리,액세서리 08,2028-12-01,2936.0
액세서리,액세서리 08,2029-01-01,2246.0
액세서리,액세서리 08,2029-02-01,2373.0
액세서리,액세서리 08,2029-03-01,2191.0
액세서리,액세서리 08,2029-04-01,2307.0
액세서리,액세서리 08,2029-05-01,2340.0
액세서리,액세서리 09,2028-01-01,959.0
액세서리,액세서리 09,2028-02-01,1036.0
액세서리,액세서리 09,2028-03-01,1747.0
액세서리,액세서리 09,2028-04-01,1840.0
액세서리,액세서리 09,2028-05-01,1903.0
액세서리,액세서리 09,2028-06-01,1858.0
액세서리,액세서리 09,2028-07-01,1993.0
액세서리,액세서리 09,2028-08-01,2191.0
액세서리,액세서리 09,2028-09-01,2500.0
액세서리,액세서리 09,2028-10-01,2365.0
액세서리,액세서리 09,2028-11-01,1993.0
액세서리,액세서리 09,2028-12-01,2242.0
액세서리,액세서리 09,2029-01-01,2097.0
액세서리,액세서리 09,2029-02-01,2189.0
액세서리,액세서리 09,2029-03-01,2054.0
액세서리,액세서리 09,2029-04-01,2435.0
액세서리,액세서리 09,2029-05-01,2378.0
액세서리,액세서리 10,2028-01-01,64.0
액세서리,액세서리 10,2028-02-01,73.0
액세서리,액세서리 10,2028-03-01,79.0
디퓨저,디퓨저 02,2028-07-01,0.0
액세서리,액세서리 10,2028-04-01,76.0
액세서리,액세서리 10,2028-05-01,59.0
액세서리,액세서리 10,2028-06-01,57.0
액세서리,액세서리 10,2028-07-01,46.0
액세서리,액세서리 10,2028-08-01,53.0
액세서리,액세서리 10,2028-09-01,43.0
액세서리,액세서리 10,2028-10-01,40.0
액세서리,액세서리 10,2028-11-01,45.0
액세서리,액세서리 10,2028-12-01,55.0
액세서리,액세서리 10,2029-01-01,47.0
액세서리,액세서리 10,2029-02-01,27.0
액세서리,액세서리 10,2029-03-01,46.0
액세서리,액세서리 10,2029-04-01,40.0
액세서리,액세서리 10,2029-05-01,43.0
액세서리,액세서리 11,2028-01-01,34.0
액세서리,액세서리 11,2028-02-01,36.0
액세서리,액세서리 11,2028-03-01,45.0
액세서리,액세서리 11,2028-04-01,34.0
액세서리,액세서리 11,2028-05-01,40.0
액세서리,액세서리 11,2028-06-01,27.0
액세서리,액세서리 11,2028-07-01,36.0
액세서리,액세서리 11,2028-08-01,49.0
액세서리,액세서리 11,2028-09-01,53.0
액세서리,액세서리 11,2028-10-01,33.0
액세서리,액세서리 11,2028-11-01,59.0
액세서리,액세서리 11,2028-12-01,61.0
액세서리,액세서리 11,2029-01-01,44.0
액세서리,액세서리 11,2029-02-01,54.0
액세서리,액세서리 11,2029-03-01,48.0
액세서리,액세서리 11,2029-04-01,47.0
액세서리,액세서리 11,2029-05-01,76.0
액세서리,액세서리 12,2028-01-01,55.0
액세서리,액세서리 12,2028-02-01,32.0
액세서리,액세서리 12,2028-03-01,28.0
액세서리,액세서리 12,2028-04-01,22.0
액세서리,액세서리 12,2028-05-01,22.0
액세서리,액세서리 12,2028-06-01,24.0
액세서리,액세서리 12,2028-07-01,26.0
액세서리,액세서리 12,2028-08-01,40.0
액세서리,액세서리 12,2028-09-01,38.0
액세서리,액세서리 12,2028-10-01,33.0
액세서리,액세서리 12,2028-11-01,22.0
액세서리,액세서리 12,2028-12-01,48.0
액세서리,액세서리 12,2029-01-01,38.0
액세서리,액세서리 12,2029-02-01,23.0
액세서리,액세서리 12,2029-03-01,36.0
액세서리,액세서리 12,2029-04-01,40.0
액세서리,액세서리 12,2029-05-01,28.0
액세서리,액세서리 13,2028-01-01,26.0
액세서리,액세서리 13,2028-02-01,15.0
액세서리,액세서리 13,2028-03-01,29.0
액세서리,액세서리 13,2028-04-01,14.0
액세서리,액세서리 13,2028-05-01,10.0
액세서리,액세서리 13,2028-06-01,10.0
액세서리,액세서리 13,2028-07-01,14.0
액세서리,액세서리 13,2028-08-01,29.0
액세서리,액세서리 13,2028-09-01,17.0
액세서리,액세서리 13,2028-10-01,23.0
액세서리,액세서리 13,2028-11-01,19.0
액세서리,액세서리 13,2028-12-01,30.0
액세서리,액세서리 13,2029-01-01,23.0
액세서리,액세서리 13,2029-02-01,17.0
액세서리,액세서리 13,2029-03-01,25.0
액세서리,액세서리 13,2029-04-01,18.0
액세서리,액세서리 13,2029-05-01,51.0
디퓨저,디퓨저 01,2028-01-01,0.0
디퓨저,디퓨저 01,2028-02-01,0.0
디퓨저,디퓨저 01,2028-03-01,2.0
디퓨저,디퓨저 01,2028-04-01,1.0
디퓨저,디퓨저 01,2028-05-01,2.0
디퓨저,디퓨저 01,2028-06-01,3.0
디퓨저,디퓨저 01,2028-07-01,0.0
디퓨저,디퓨저 01,2028-08-01,0.0
디퓨저,디퓨저 01,2028-09-01,11.0
디퓨저,디퓨저 01,2028-10-01,1.0
디퓨저,디퓨저 01,2028-11-01,0.0
디퓨저,디퓨저 01,2028-12-01,0.0
디퓨저,디퓨저 02,2028-01-01,0.0
디퓨저,디퓨저 02,2028-02-01,0.0
디퓨저,디퓨저 02,2028-03-01,0.0
디퓨저,디퓨저 02,2028-04-01,0.0
디퓨저,디퓨저 02,2028-05-01,0.0
디퓨저,디퓨저 02,2028-06-01,0.0
디퓨저,디퓨저 02,2028-08-01,0.0
디퓨저,디퓨저 02,2028-09-01,0.0
디퓨저,디퓨저 02,2028-10-01,0.0
디퓨저,디퓨저 02,2028-11-01,0.0
디퓨저,디퓨저 02,2028-12-01,0.0
디퓨저,디퓨저 03,2028-01-01,0.0
디퓨저,디퓨저 03,2028-02-01,0.0
디퓨저,디퓨저 03,2028-03-01,0.0
디퓨저,디퓨저 03,2028-04-01,0.0
디퓨저,디퓨저 03,2028-05-01,0.0
디퓨저,디퓨저 03,2028-06-01,0.0
디퓨저,디퓨저 03,2028-07-01,173.0
디퓨저,디퓨저 03,2028-08-01,106.0
디퓨저,디퓨저 03,2028-09-01,111.0
디퓨저,디퓨저 03,2028-10-01,60.0
디퓨저,디퓨저 03,2028-11-01,80.0
디퓨저,디퓨저 03,2028-12-01,95.0
디퓨저,디퓨저 03,2029-01-01,81.0
디퓨저,디퓨저 03,2029-02-01,86.0
디퓨저,디퓨저 03,2029-03-01,72.0
디퓨저,디퓨저 03,2029-04-01,79.0
디퓨저,디퓨저 03,2029-05-01,46.0
디퓨저,디퓨저 04,2028-01-01,0.0
디퓨저,디퓨저 04,2028-02-01,0.0
디퓨저,디퓨저 04,2028-03-01,0.0
디퓨저,디퓨저 04,2028-04-01,0.0
디퓨저,디퓨저 04,2028-05-01,0.0
디퓨저,디퓨저 04,2028-06-01,0.0
디퓨저,디퓨저 04,2028-07-01,345.0
디퓨저,디퓨저 04,2028-08-01,229.0
디퓨저,디퓨저 04,2028-09-01,203.0
디퓨저,디퓨저 04,2028-10-01,171.0
디퓨저,디퓨저 04,2028-11-01,119.0
디퓨저,디퓨저 04,2028-12-01,188.0
디퓨저,디퓨저 04,2029-01-01,210.0
디퓨저,디퓨저 04,2029-02-01,192.0
디퓨저,디퓨저 04,2029-03-01,230.0
디퓨저,디퓨저 04,2029-04-01,378.0
디퓨저,디퓨저 04,2029-05-01,215.0
디퓨저,디퓨저 05,2028-01-01,2.0
디퓨저,디퓨저 05,2028-02-01,1.0
디퓨저,디퓨저 05,2028-03-01,0.0
디퓨저,디퓨저 05,2028-04-01,0.0
디퓨저,디퓨저 05,2028-05-01,0.0
디퓨저,디퓨저 05,2028-06-01,0.0
디퓨저,디퓨저 05,2028-07-01,0.0
디퓨저,디퓨저 05,2028-08-01,1.0
디퓨저,디퓨저 05,2028-09-01,0.0
디퓨저,디퓨저 05,2028-10-01,0.0
디퓨저,디퓨저 05,2028-11-01,0.0
디퓨저,디퓨저 05,2028-12-01,0.0
디퓨저,디퓨저 06,2028-01-01,388.0
디퓨저,디퓨저 06,2028-02-01,298.0
디퓨저,디퓨저 06,2028-03-01,430.0
디퓨저,디퓨저 06,2028-04-01,342.0
디퓨저,디퓨저 06,2028-05-01,343.0
디퓨저,디퓨저 06,2028-06-01,297.0
디퓨저,디퓨저 06,2028-07-01,234.0
디퓨저,디퓨저 06,2028-08-01,279.0
디퓨저,디퓨저 06,2028-09-01,315.0
디퓨저,디퓨저 06,2028-10-01,310.0
디퓨저,디퓨저 06,2028-11-01,237.0
디퓨저,디퓨저 06,2028-12-01,326.0
디퓨저,디퓨저 06,2029-01-01,333.0
디퓨저,디퓨저 06,2029-02-01,282.0
디퓨저,디퓨저 06,2029-03-01,289.0
디퓨저,디퓨저 06,2029-04-01,260.0
디퓨저,디퓨저 06,2029-05-01,246.0
디퓨저,디퓨저 07,2028-01-01,467.0
디퓨저,디퓨저 07,2028-02-01,454.0
디퓨저,디퓨저 07,2028-03-01,569.0
디퓨저,디퓨저 07,2028-04-01,530.0
디퓨저,디퓨저 07,2028-05-01,643.0
디퓨저,디퓨저 07,2028-06-01,488.0
디퓨저,디퓨저 07,2028-07-01,444.0
디퓨저,디퓨저 07,2028-08-01,524.0
디퓨저,디퓨저 07,2028-09-01,535.0
디퓨저,디퓨저 07,2028-10-01,462.0
디퓨저,디퓨저 07,2028-11-01,362.0
디퓨저,디퓨저 07,2028-12-01,493.0
디퓨저,디퓨저 07,2029-01-01,423.0
디퓨저,디퓨저 07,2029-02-01,480.0
디퓨저,디퓨저 07,2029-03-01,478.0
디퓨저,디퓨저 07,2029-04-01,440.0
디퓨저,디퓨저 07,2029-05-01,428.0
디퓨저,디퓨저 08,2028-01-01,3071.0
디퓨저,디퓨저 08,2028-02-01,2971.0
디퓨저,디퓨저 08,2028-03-01,3226.0
디퓨저,디퓨저 08,2028-04-01,2932.0
디퓨저,디퓨저 08,2028-05-01,3016.0
디퓨저,디퓨저 08,2028-06-01,3384.0
디퓨저,디퓨저 08,2028-07-01,2792.0
디퓨저,디퓨저 08,2028-08-01,2956.0
디퓨저,디퓨저 08,2028-09-01,3540.0
디퓨저,디퓨저 08,2028-10-01,3340.0
디퓨저,디퓨저 08,2028-11-01,3118.0
디퓨저,디퓨저 08,2028-12-01,3988.0
디퓨저,디퓨저 08,2029-01-01,3443.0
디퓨저,디퓨저 08,2029-02-01,3673.0
디퓨저,디퓨저 08,2029-03-01,3379.0
디퓨저,디퓨저 08,2029-04-01,3531.0
디퓨저,디퓨저 08,2029-05-01,3132.0
디퓨저,디퓨저 09,2028-01-01,214.0
디퓨저,디퓨저 09,2028-02-01,250.0
디퓨저,디퓨저 09,2028-03-01,281.0
디퓨저,디퓨저 09,2028-04-01,338.0
디퓨저,디퓨저 09,2028-05-01,610.0
디퓨저,디퓨저 09,2028-06-01,228.0
디퓨저,디퓨저 09,2028-07-01,33.0
디퓨저,디퓨저 09,2028-08-01,17.0
디퓨저,디퓨저 09,2028-09-01,35.0
디퓨저,디퓨저 09,2028-10-01,22.0
디퓨저,디퓨저 09,2028-11-01,51.0
디퓨저,디퓨저 09,2028-12-01,25.0
디퓨저,디퓨저 09,2029-01-01,19.0
디퓨저,디퓨저 09,2029-02-01,18.0
디퓨저,디퓨저 09,2029-03-01,25.0
디퓨저,디퓨저 09,2029-04-01,0.0
디퓨저,디퓨저 09,2029-05-01,0.0
디퓨저,디퓨저 10,2028-01-01,0.0
디퓨저,디퓨저 10,2028-02-01,0.0
디퓨저,디퓨저 10,2028-03-01,0.0
디퓨저,디퓨저 10,2028-04-01,0.0
디퓨저,디퓨저 10,2028-05-01,0.0
디퓨저,디퓨저 10,2028-06-01,0.0
디퓨저,디퓨저 10,2028-07-01,0.0
디퓨저,디퓨저 10,2028-08-01,0.0
디퓨저,디퓨저 10,2028-09-01,0.0
디퓨저,디퓨저 10,2028-10-01,0.0
디퓨저,디퓨저 10,2028-11-01,0.0
디퓨저,디퓨저 10,2028-12-01,0.0
디퓨저,디퓨저 11,2028-01-01,99.0
디퓨저,디퓨저 11,2028-02-01,90.0
디퓨저,디퓨저 11,2028-03-01,97.0
디퓨저,디퓨저 11,2028-04-01,128.0
디퓨저,디퓨저 11,2028-05-01,162.0
디퓨저,디퓨저 11,2028-06-01,106.0
디퓨저,디퓨저 11,2028-07-01,10.0
디퓨저,디퓨저 11,2028-08-01,11.0
디퓨저,디퓨저 11,2028-09-01,17.0
디퓨저,디퓨저 11,2028-10-01,21.0
디퓨저,디퓨저 11,2028-11-01,26.0
디퓨저,디퓨저 11,2028-12-01,8.0
디퓨저,디퓨저 11,2029-01-01,19.0
디퓨저,디퓨저 11,2029-02-01,17.0
디퓨저,디퓨저 11,2029-03-01,43.0
디퓨저,디퓨저 11,2029-04-01,10.0
디퓨저,디퓨저 11,2029-05-01,8.0
디퓨저,디퓨저 12,2028-01-01,0.0
디퓨저,디퓨저 12,2028-02-01,0.0
디퓨저,디퓨저 12,2028-03-01,0.0
디퓨저,디퓨저 12,2028-04-01,0.0
디퓨저,디퓨저 12,2028-05-01,0.0
디퓨저,디퓨저 12,2028-06-01,0.0
디퓨저,디퓨저 12,2028-07-01,0.0
디퓨저,디퓨저 12,2028-08-01,0.0
디퓨저,디퓨저 12,2028-09-01,0.0
디퓨저,디퓨저 12,2028-10-01,0.0
디퓨저,디퓨저 12,2028-11-01,0.0
디퓨저,디퓨저 12,2028-12-01,0.0
디퓨저,디퓨저 13,2028-01-01,0.0
디퓨저,디퓨저 13,2028-02-01,0.0
디퓨저,디퓨저 13,2028-03-01,0.0
디퓨저,디퓨저 13,2028-04-01,0.0
디퓨저,디퓨저 13,2028-05-01,0.0
디퓨저,디퓨저 13,2028-06-01,0.0
디퓨저,디퓨저 13,2028-07-01,299.0
디퓨저,디퓨저 13,2028-08-01,261.0
디퓨저,디퓨저 13,2028-09-01,269.0
디퓨저,디퓨저 13,2028-10-01,235.0
디퓨저,디퓨저 13,2028-11-01,210.0
디퓨저,디퓨저 13,2028-12-01,257.0
디퓨저,디퓨저 13,2029-01-01,207.0
디퓨저,디퓨저 13,2029-02-01,182.0
디퓨저,디퓨저 13,2029-03-01,175.0
디퓨저,디퓨저 13,2029-04-01,181.0
디퓨저,디퓨저 13,2029-05-01,151.0
디퓨저,디퓨저 14,2028-01-01,204.0
디퓨저,디퓨저 14,2028-02-01,168.0
디퓨저,디퓨저 14,2028-03-01,237.0
디퓨저,디퓨저 14,2028-04-01,215.0
디퓨저,디퓨저 14,2028-05-01,252.0
디퓨저,디퓨저 14,2028-06-01,160.0
디퓨저,디퓨저 14,2028-07-01,157.0
디퓨저,디퓨저 14,2028-08-01,155.0
디퓨저,디퓨저 14,2028-09-01,220.0
디퓨저,디퓨저 14,2028-10-01,162.0
디퓨저,디퓨저 14,2028-11-01,130.0
디퓨저,디퓨저 14,2028-12-01,176.0
디퓨저,디퓨저 14,2029-01-01,180.0
디퓨저,디퓨저 14,2029-02-01,145.0
디퓨저,디퓨저 14,2029-03-01,156.0
디퓨저,디퓨저 14,2029-04-01,163.0
디퓨저,디퓨저 14,2029-05-01,150.0
디퓨저,디퓨저 15,2028-01-01,258.0
디퓨저,디퓨저 15,2028-02-01,245.0
디퓨저,디퓨저 15,2028-03-01,244.0
디퓨저,디퓨저 15,2028-04-01,200.0
디퓨저,디퓨저 15,2028-05-01,249.0
디퓨저,디퓨저 15,2028-06-01,211.0
디퓨저,디퓨저 15,2028-07-01,196.0
디퓨저,디퓨저 15,2028-08-01,203.0
디퓨저,디퓨저 15,2028-09-01,219.0
디퓨저,디퓨저 15,2028-10-01,185.0
디퓨저,디퓨저 15,2028-11-01,181.0
디퓨저,디퓨저 15,2028-12-01,261.0
디퓨저,디퓨저 15,2029-01-01,200.0
디퓨저,디퓨저 15,2029-02-01,156.0
디퓨저,디퓨저 15,2029-03-01,187.0
디퓨저,디퓨저 15,2029-04-01,167.0
디퓨저,디퓨저 15,2029-05-01,150.0
디퓨저,디퓨저 16,2028-01-01,0.0
디퓨저,디퓨저 16,2028-02-01,0.0
디퓨저,디퓨저 16,2028-03-01,0.0
디퓨저,디퓨저 16,2028-04-01,0.0
디퓨저,디퓨저 16,2028-05-01,0.0
디퓨저,디퓨저 16,2028-06-01,0.0
디퓨저,디퓨저 16,2028-07-01,24.0
디퓨저,디퓨저 16,2028-08-01,28.0
디퓨저,디퓨저 16,2028-09-01,17.0
디퓨저,디퓨저 16,2028-10-01,6.0
디퓨저,디퓨저 16,2028-11-01,5.0
디퓨저,디퓨저 16,2028-12-01,14.0
디퓨저,디퓨저 16,2029-01-01,19.0
디퓨저,디퓨저 16,2029-02-01,14.0
디퓨저,디퓨저 16,2029-03-01,5.0
디퓨저,디퓨저 16,2029-04-01,12.0
디퓨저,디퓨저 16,2029-05-01,10.0
디퓨저,디퓨저 17,2028-01-01,0.0
디퓨저,디퓨저 17,2028-02-01,0.0
디퓨저,디퓨저 17,2028-03-01,0.0
디퓨저,디퓨저 17,2028-04-01,0.0
디퓨저,디퓨저 17,2028-05-01,0.0
디퓨저,디퓨저 17,2028-06-01,0.0
디퓨저,디퓨저 17,2028-07-01,40.0
디퓨저,디퓨저 17,2028-08-01,38.0
디퓨저,디퓨저 17,2028-09-01,35.0
디퓨저,디퓨저 17,2028-10-01,27.0
디퓨저,디퓨저 17,2028-11-01,31.0
디퓨저,디퓨저 17,2028-12-01,42.0
디퓨저,디퓨저 17,2029-01-01,31.0
디퓨저,디퓨저 17,2029-02-01,29.0
디퓨저,디퓨저 17,2029-03-01,40.0
디퓨저,디퓨저 17,2029-04-01,27.0
디퓨저,디퓨저 17,2029-05-01,77.0
디퓨저,디퓨저 18,2028-01-01,0.0
디퓨저,디퓨저 18,2028-02-01,0.0
디퓨저,디퓨저 18,2028-03-01,0.0
디퓨저,디퓨저 18,2028-04-01,0.0
디퓨저,디퓨저 18,2028-05-01,2.0
디퓨저,디퓨저 18,2028-06-01,12.0
디퓨저,디퓨저 18,2028-07-01,11.0
디퓨저,디퓨저 18,2028-08-01,0.0
디퓨저,디퓨저 18,2028-09-01,0.0
디퓨저,디퓨저 18,2028-10-01,1.0
디퓨저,디퓨저 18,2028-11-01,0.0
디퓨저,디퓨저 18,2028-12-01,0.0
디퓨저,디퓨저 19,2028-01-01,32.0
디퓨저,디퓨저 19,2028-02-01,30.0
디퓨저,디퓨저 19,2028-03-01,37.0
디퓨저,디퓨저 19,2028-04-01,31.0
디퓨저,디퓨저 19,2028-05-01,52.0
디퓨저,디퓨저 19,2028-06-01,31.0
디퓨저,디퓨저 19,2028-07-01,25.0
디퓨저,디퓨저 19,2028-08-01,23.0
디퓨저,디퓨저 19,2028-09-01,35.0
디퓨저,디퓨저 19,2028-10-01,27.0
디퓨저,디퓨저 19,2028-11-01,24.0
디퓨저,디퓨저 19,2028-12-01,35.0
디퓨저,디퓨저 19,2029-01-01,42.0
디퓨저,디퓨저 19,2029-02-01,25.0
디퓨저,디퓨저 19,2029-03-01,28.0
디퓨저,디퓨저 19,2029-04-01,27.0
디퓨저,디퓨저 19,2029-05-01,40.0
디퓨저,디퓨저 20,2028-01-01,48.0
디퓨저,디퓨저 20,2028-02-01,86.0
디퓨저,디퓨저 20,2028-03-01,101.0
디퓨저,디퓨저 20,2028-04-01,93.0
디퓨저,디퓨저 20,2028-05-01,119.0
디퓨저,디퓨저 20,2028-06-01,87.0
디퓨저,디퓨저 20,2028-07-01,76.0
디퓨저,디퓨저 20,2028-08-01,91.0
디퓨저,디퓨저 20,2028-09-01,76.0
디퓨저,디퓨저 20,2028-10-01,83.0
디퓨저,디퓨저 20,2028-11-01,52.0
디퓨저,디퓨저 20,2028-12-01,124.0
디퓨저,디퓨저 20,2029-01-01,75.0
디퓨저,디퓨저 20,2029-02-01,88.0
디퓨저,디퓨저 20,2029-03-01,77.0
디퓨저,디퓨저 20,2029-04-01,94.0
디퓨저,디퓨저 20,2029-05-01,142.0
디퓨저,디퓨저 21,2028-01-01,150.0
디퓨저,디퓨저 21,2028-02-01,199.0
디퓨저,디퓨저 21,2028-03-01,233.0
디퓨저,디퓨저 21,2028-04-01,208.0
디퓨저,디퓨저 21,2028-05-01,244.0
디퓨저,디퓨저 21,2028-06-01,202.0
디퓨저,디퓨저 21,2028-07-01,187.0
디퓨저,디퓨저 21,2028-08-01,235.0
디퓨저,디퓨저 21,2028-09-01,216.0
디퓨저,디퓨저 21,2028-10-01,290.0
디퓨저,디퓨저 21,2028-11-01,266.0
디퓨저,디퓨저 21,2028-12-01,315.0
디퓨저,디퓨저 21,2029-01-01,258.0
디퓨저,디퓨저 21,2029-02-01,208.0
디퓨저,디퓨저 21,2029-03-01,265.0
디퓨저,디퓨저 21,2029-04-01,307.0
디퓨저,디퓨저 21,2029-05-01,355.0
디퓨저,디퓨저 22,2028-01-01,11.0
디퓨저,디퓨저 22,2028-02-01,14.0
디퓨저,디퓨저 22,2028-03-01,27.0
디퓨저,디퓨저 22,2028-04-01,34.0
디퓨저,디퓨저 22,2028-05-01,28.0
디퓨저,디퓨저 22,2028-06-01,18.0
디퓨저,디퓨저 22,2028-07-01,7.0
디퓨저,디퓨저 22,2028-08-01,6.0
디퓨저,디퓨저 22,2028-09-01,5.0
디퓨저,디퓨저 22,2028-10-01,7.0
디퓨저,디퓨저 22,2028-11-01,6.0
디퓨저,디퓨저 22,2028-12-01,5.0
디퓨저,디퓨저 22,2029-01-01,3.0
디퓨저,디퓨저 22,2029-02-01,4.0
디퓨저,디퓨저 22,2029-03-01,2.0
디퓨저,디퓨저 22,2029-04-01,0.0
디퓨저,디퓨저 22,2029-05-01,0.0
디퓨저,디퓨저 23,2028-01-01,0.0
디퓨저,디퓨저 23,2028-02-01,0.0
디퓨저,디퓨저 23,2028-03-01,0.0
디퓨저,디퓨저 23,2028-04-01,0.0
디퓨저,디퓨저 23,2028-05-01,0.0
디퓨저,디퓨저 23,2028-06-01,0.0
디퓨저,디퓨저 23,2028-07-01,0.0
디퓨저,디퓨저 23,2028-08-01,0.0
디퓨저,디퓨저 23,2028-09-01,0.0
디퓨저,디퓨저 23,2028-10-01,0.0
디퓨저,디퓨저 23,2028-11-01,0.0
디퓨저,디퓨저 23,2028-12-01,0.0
디퓨저,디퓨저 24,2028-01-01,19.0
디퓨저,디퓨저 24,2028-02-01,21.0
디퓨저,디퓨저 24,2028-03-01,27.0
디퓨저,디퓨저 24,2028-04-01,30.0
디퓨저,디퓨저 24,2028-05-01,33.0
디퓨저,디퓨저 24,2028-06-01,39.0
디퓨저,디퓨저 24,2028-07-01,4.0
디퓨저,디퓨저 24,2028-08-01,6.0
디퓨저,디퓨저 24,2028-09-01,10.0
디퓨저,디퓨저 24,2028-10-01,2.0
디퓨저,디퓨저 24,2028-11-01,12.0
디퓨저,디퓨저 24,2028-12-01,13.0
디퓨저,디퓨저 24,2029-01-01,6.0
디퓨저,디퓨저 24,2029-02-01,3.0
디퓨저,디퓨저 24,2029-03-01,8.0
디퓨저,디퓨저 24,2029-04-01,2.0
디퓨저,디퓨저 24,2029-05-01,2.0
디퓨저,디퓨저 25,2028-01-01,0.0
디퓨저,디퓨저 25,2028-02-01,0.0
디퓨저,디퓨저 25,2028-03-01,0.0
디퓨저,디퓨저 25,2028-04-01,0.0
디퓨저,디퓨저 25,2028-05-01,0.0
디퓨저,디퓨저 25,2028-06-01,0.0
디퓨저,디퓨저 25,2028-07-01,0.0
디퓨저,디퓨저 25,2028-08-01,0.0
디퓨저,디퓨저 25,2028-09-01,0.0
디퓨저,디퓨저 25,2028-10-01,0.0
디퓨저,디퓨저 25,2028-11-01,0.0
디퓨저,디퓨저 25,2028-12-01,0.0
디퓨저,디퓨저 26,2028-01-01,0.0
디퓨저,디퓨저 26,2028-02-01,0.0
디퓨저,디퓨저 26,2028-03-01,0.0
디퓨저,디퓨저 26,2028-04-01,0.0
디퓨저,디퓨저 26,2028-05-01,0.0
디퓨저,디퓨저 26,2028-06-01,0.0
디퓨저,디퓨저 26,2028-07-01,26.0
디퓨저,디퓨저 26,2028-08-01,39.0
디퓨저,디퓨저 26,2028-09-01,36.0
디퓨저,디퓨저 26,2028-10-01,30.0
디퓨저,디퓨저 26,2028-11-01,33.0
디퓨저,디퓨저 26,2028-12-01,42.0
디퓨저,디퓨저 26,2029-01-01,18.0
디퓨저,디퓨저 26,2029-02-01,19.0
디퓨저,디퓨저 26,2029-03-01,28.0
디퓨저,디퓨저 26,2029-04-01,23.0
디퓨저,디퓨저 26,2029-05-01,43.0
디퓨저,디퓨저 27,2028-01-01,40.0
디퓨저,디퓨저 27,2028-02-01,29.0
디퓨저,디퓨저 27,2028-03-01,57.0
디퓨저,디퓨저 27,2028-04-01,54.0
디퓨저,디퓨저 27,2028-05-01,57.0
디퓨저,디퓨저 27,2028-06-01,46.0
디퓨저,디퓨저 27,2028-07-01,31.0
디퓨저,디퓨저 27,2028-08-01,43.0
디퓨저,디퓨저 27,2028-09-01,42.0
디퓨저,디퓨저 27,2028-10-01,43.0
디퓨저,디퓨저 27,2028-11-01,30.0
디퓨저,디퓨저 27,2028-12-01,38.0
디퓨저,디퓨저 27,2029-01-01,46.0
디퓨저,디퓨저 27,2029-02-01,35.0
디퓨저,디퓨저 27,2029-03-01,45.0
디퓨저,디퓨저 27,2029-04-01,41.0
디퓨저,디퓨저 27,2029-05-01,83.0
디퓨저,디퓨저 28,2028-01-01,20.0
디퓨저,디퓨저 28,2028-02-01,33.0
디퓨저,디퓨저 28,2028-03-01,36.0
디퓨저,디퓨저 28,2028-04-01,39.0
디퓨저,디퓨저 28,2028-05-01,46.0
디퓨저,디퓨저 28,2028-06-01,46.0
디퓨저,디퓨저 28,2028-07-01,34.0
디퓨저,디퓨저 28,2028-08-01,31.0
디퓨저,디퓨저 28,2028-09-01,26.0
디퓨저,디퓨저 28,2028-10-01,28.0
디퓨저,디퓨저 28,2028-11-01,29.0
디퓨저,디퓨저 28,2028-12-01,55.0
디퓨저,디퓨저 28,2029-01-01,50.0
디퓨저,디퓨저 28,2029-02-01,37.0
디퓨저,디퓨저 28,2029-03-01,28.0
디퓨저,디퓨저 28,2029-04-01,41.0
디퓨저,디퓨저 28,2029-05-01,80.0
디퓨저,디퓨저 29,2029-01-01,0.0
디퓨저,디퓨저 29,2029-02-01,0.0
디퓨저,디퓨저 29,2029-03-01,0.0
디퓨저,디퓨저 29,2029-04-01,0.0
디퓨저,디퓨저 29,2029-05-01,0.0
디퓨저,디퓨저 30,2028-01-01,107.0
디퓨저,디퓨저 30,2028-02-01,127.0
디퓨저,디퓨저 30,2028-03-01,129.0
디퓨저,디퓨저 30,2028-04-01,168.0
디퓨저,디퓨저 30,2028-05-01,176.0
디퓨저,디퓨저 30,2028-06-01,157.0
디퓨저,디퓨저 30,2028-07-01,145.0
디퓨저,디퓨저 30,2028-08-01,183.0
디퓨저,디퓨저 30,2028-09-01,222.0
디퓨저,디퓨저 30,2028-10-01,228.0
디퓨저,디퓨저 30,2028-11-01,126.0
디퓨저,디퓨저 30,2028-12-01,199.0
디퓨저,디퓨저 30,2029-01-01,158.0
디퓨저,디퓨저 30,2029-02-01,147.0
디퓨저,디퓨저 30,2029-03-01,159.0
디퓨저,디퓨저 30,2029-04-01,152.0
디퓨저,디퓨저 30,2029-05-01,169.0
디퓨저,디퓨저 31,2028-01-01,779.0
디퓨저,디퓨저 31,2028-02-01,872.0
디퓨저,디퓨저 31,2028-03-01,983.0
디퓨저,디퓨저 31,2028-04-01,1151.0
디퓨저,디퓨저 31,2028-05-01,1113.0
디퓨저,디퓨저 31,2028-06-01,936.0
디퓨저,디퓨저 31,2028-07-01,915.0
디퓨저,디퓨저 31,2028-08-01,950.0
디퓨저,디퓨저 31,2028-09-01,1097.0
디퓨저,디퓨저 31,2028-10-01,963.0
디퓨저,디퓨저 31,2028-11-01,764.0
디퓨저,디퓨저 31,2028-12-01,1046.0
디퓨저,디퓨저 31,2029-01-01,894.0
디퓨저,디퓨저 31,2029-02-01,992.0
디퓨저,디퓨저 31,2029-03-01,911.0
디퓨저,디퓨저 31,2029-04-01,1010.0
디퓨저,디퓨저 31,2029-05-01,870.0
디퓨저,디퓨저 32,2028-01-01,1834.0
디퓨저,디퓨저 32,2028-02-01,1951.0
디퓨저,디퓨저 32,2028-03-01,2402.0
디퓨저,디퓨저 32,2028-04-01,2550.0
디퓨저,디퓨저 32,2028-05-01,2477.0
디퓨저,디퓨저 32,2028-06-01,2211.0
디퓨저,디퓨저 32,2028-07-01,2464.0
디퓨저,디퓨저 32,2028-08-01,2578.0
디퓨저,디퓨저 32,2028-09-01,2837.0
디퓨저,디퓨저 32,2028-10-01,2592.0
디퓨저,디퓨저 32,2028-11-01,2297.0
디퓨저,디퓨저 32,2028-12-01,3035.0
디퓨저,디퓨저 32,2029-01-01,2442.0
디퓨저,디퓨저 32,2029-02-01,2741.0
디퓨저,디퓨저 32,2029-03-01,2542.0
디퓨저,디퓨저 32,2029-04-01,2752.0
디퓨저,디퓨저 32,2029-05-01,2671.0
디퓨저,디퓨저 33,2028-01-01,413.0
디퓨저,디퓨저 33,2028-02-01,397.0
디퓨저,디퓨저 33,2028-03-01,521.0
디퓨저,디퓨저 33,2028-04-01,589.0
디퓨저,디퓨저 33,2028-05-01,586.0
디퓨저,디퓨저 33,2028-06-01,613.0
디퓨저,디퓨저 33,2028-07-01,595.0
디퓨저,디퓨저 33,2028-08-01,605.0
디퓨저,디퓨저 33,2028-09-01,649.0
디퓨저,디퓨저 33,2028-10-01,625.0
디퓨저,디퓨저 33,2028-11-01,447.0
디퓨저,디퓨저 33,2028-12-01,698.0
디퓨저,디퓨저 33,2029-01-01,607.0
디퓨저,디퓨저 33,2029-02-01,644.0
디퓨저,디퓨저 33,2029-03-01,681.0
디퓨저,디퓨저 33,2029-04-01,736.0
디퓨저,디퓨저 33,2029-05-01,792.0
디퓨저,디퓨저 34,2028-01-01,161.0
디퓨저,디퓨저 34,2028-02-01,206.0
디퓨저,디퓨저 34,2028-03-01,215.0
디퓨저,디퓨저 34,2028-04-01,275.0
디퓨저,디퓨저 34,2028-05-01,306.0
디퓨저,디퓨저 34,2028-06-01,264.0
디퓨저,디퓨저 34,2028-07-01,243.0
디퓨저,디퓨저 34,2028-08-01,224.0
디퓨저,디퓨저 34,2028-09-01,276.0
디퓨저,디퓨저 34,2028-10-01,256.0
디퓨저,디퓨저 34,2028-11-01,191.0
디퓨저,디퓨저 34,2028-12-01,230.0
디퓨저,디퓨저 34,2029-01-01,175.0
디퓨저,디퓨저 34,2029-02-01,200.0
디퓨저,디퓨저 34,2029-03-01,224.0
디퓨저,디퓨저 34,2029-04-01,174.0
디퓨저,디퓨저 34,2029-05-01,193.0
디퓨저,디퓨저 35,2029-01-01,0.0
디퓨저,디퓨저 35,2029-02-01,0.0
디퓨저,디퓨저 35,2029-03-01,0.0
디퓨저,디퓨저 35,2029-04-01,0.0
디퓨저,디퓨저 35,2029-05-01,1.0
디퓨저,디퓨저 36,2028-01-01,224.0
디퓨저,디퓨저 36,2028-02-01,276.0
디퓨저,디퓨저 36,2028-03-01,315.0
디퓨저,디퓨저 36,2028-04-01,294.0
디퓨저,디퓨저 36,2028-05-01,337.0
디퓨저,디퓨저 36,2028-06-01,316.0
디퓨저,디퓨저 36,2028-07-01,292.0
디퓨저,디퓨저 36,2028-08-01,366.0
디퓨저,디퓨저 36,2028-09-01,344.0
디퓨저,디퓨저 36,2028-10-01,302.0
디퓨저,디퓨저 36,2028-11-01,262.0
디퓨저,디퓨저 36,2028-12-01,398.0
디퓨저,디퓨저 36,2029-01-01,317.0
디퓨저,디퓨저 36,2029-02-01,303.0
디퓨저,디퓨저 36,2029-03-01,311.0
디퓨저,디퓨저 36,2029-04-01,302.0
디퓨저,디퓨저 36,2029-05-01,331.0
디퓨저,디퓨저 37,2028-01-01,267.0
디퓨저,디퓨저 37,2028-02-01,298.0
디퓨저,디퓨저 37,2028-03-01,345.0
디퓨저,디퓨저 37,2028-04-01,377.0
디퓨저,디퓨저 37,2028-05-01,336.0
디퓨저,디퓨저 37,2028-06-01,332.0
디퓨저,디퓨저 37,2028-07-01,367.0
디퓨저,디퓨저 37,2028-08-01,335.0
디퓨저,디퓨저 37,2028-09-01,433.0
디퓨저,디퓨저 37,2028-10-01,453.0
디퓨저,디퓨저 37,2028-11-01,384.0
디퓨저,디퓨저 37,2028-12-01,481.0
디퓨저,디퓨저 37,2029-01-01,342.0
디퓨저,디퓨저 37,2029-02-01,385.0
디퓨저,디퓨저 37,2029-03-01,359.0
디퓨저,디퓨저 37,2029-04-01,391.0
디퓨저,디퓨저 37,2029-05-01,390.0
디퓨저,디퓨저 38,2028-01-01,11.0
디퓨저,디퓨저 38,2028-02-01,0.0
디퓨저,디퓨저 38,2028-03-01,1.0
디퓨저,디퓨저 38,2028-04-01,2.0
디퓨저,디퓨저 38,2028-05-01,0.0
디퓨저,디퓨저 38,2028-06-01,0.0
디퓨저,디퓨저 38,2028-07-01,1.0
디퓨저,디퓨저 38,2028-08-01,0.0
디퓨저,디퓨저 38,2028-09-01,0.0
디퓨저,디퓨저 38,2028-10-01,0.0
디퓨저,디퓨저 38,2028-11-01,0.0
디퓨저,디퓨저 38,2028-12-01,0.0
디퓨저,디퓨저 39,2028-01-01,1.0
디퓨저,디퓨저 39,2028-02-01,0.0
디퓨저,디퓨저 39,2028-03-01,0.0
디퓨저,디퓨저 39,2028-04-01,0.0
디퓨저,디퓨저 39,2028-05-01,0.0
디퓨저,디퓨저 39,2028-06-01,0.0
디퓨저,디퓨저 39,2028-07-01,0.0
디퓨저,디퓨저 39,2028-08-01,0.0
디퓨저,디퓨저 39,2028-09-01,0.0
디퓨저,디퓨저 39,2028-10-01,0.0
디퓨저,디퓨저 39,2028-11-01,0.0
디퓨저,디퓨저 39,2028-12-01,0.0
디퓨저,디퓨저 40,2028-01-01,1.0
디퓨저,디퓨저 40,2028-02-01,0.0
디퓨저,디퓨저 40,2028-03-01,0.0
디퓨저,디퓨저 40,2028-04-01,0.0
디퓨저,디퓨저 40,2028-05-01,0.0
디퓨저,디퓨저 40,2028-06-01,0.0
디퓨저,디퓨저 40,2028-07-01,0.0
디퓨저,디퓨저 40,2028-08-01,0.0
디퓨저,디퓨저 40,2028-09-01,0.0
디퓨저,디퓨저 40,2028-10-01,0.0
디퓨저,디퓨저 40,2028-11-01,0.0
디퓨저,디퓨저 40,2028-12-01,0.0
디퓨저,디퓨저 41,2028-01-01,0.0
디퓨저,디퓨저 41,2028-02-01,0.0
디퓨저,디퓨저 41,2028-03-01,0.0
디퓨저,디퓨저 41,2028-04-01,0.0
디퓨저,디퓨저 41,2028-05-01,1.0
디퓨저,디퓨저 41,2028-06-01,0.0
디퓨저,디퓨저 41,2028-07-01,1.0
디퓨저,디퓨저 41,2028-08-01,0.0
디퓨저,디퓨저 41,2028-09-01,0.0
디퓨저,디퓨저 41,2028-10-01,2.0
디퓨저,디퓨저 41,2028-11-01,0.0
디퓨저,디퓨저 41,2028-12-01,0.0
디퓨저,디퓨저 42,2028-01-01,0.0
디퓨저,디퓨저 42,2028-02-01,0.0
디퓨저,디퓨저 42,2028-03-01,0.0
디퓨저,디퓨저 42,2028-04-01,0.0
디퓨저,디퓨저 42,2028-05-01,0.0
디퓨저,디퓨저 42,2028-06-01,0.0
디퓨저,디퓨저 42,2028-07-01,0.0
디퓨저,디퓨저 42,2028-08-01,2.0
디퓨저,디퓨저 42,2028-09-01,1.0
디퓨저,디퓨저 42,2028-10-01,0.0
디퓨저,디퓨저 42,2028-11-01,0.0
디퓨저,디퓨저 42,2028-12-01,0.0
디퓨저,디퓨저 43,2028-01-01,319.0
디퓨저,디퓨저 43,2028-02-01,218.0
디퓨저,디퓨저 43,2028-03-01,249.0
디퓨저,디퓨저 43,2028-04-01,228.0
디퓨저,디퓨저 43,2028-05-01,237.0
디퓨저,디퓨저 43,2028-06-01,181.0
디퓨저,디퓨저 43,2028-07-01,193.0
디퓨저,디퓨저 43,2028-08-01,168.0
디퓨저,디퓨저 43,2028-09-01,229.0
디퓨저,디퓨저 43,2028-10-01,161.0
디퓨저,디퓨저 43,2028-11-01,158.0
디퓨저,디퓨저 43,2028-12-01,213.0
디퓨저,디퓨저 43,2029-01-01,168.0
디퓨저,디퓨저 43,2029-02-01,165.0
디퓨저,디퓨저 43,2029-03-01,196.0
디퓨저,디퓨저 43,2029-04-01,167.0
디퓨저,디퓨저 43,2029-05-01,238.0
디퓨저,디퓨저 44,2028-01-01,271.0
디퓨저,디퓨저 44,2028-02-01,181.0
디퓨저,디퓨저 44,2028-03-01,207.0
디퓨저,디퓨저 44,2028-04-01,157.0
디퓨저,디퓨저 44,2028-05-01,214.0
디퓨저,디퓨저 44,2028-06-01,123.0
디퓨저,디퓨저 44,2028-07-01,127.0
디퓨저,디퓨저 44,2028-08-01,139.0
디퓨저,디퓨저 44,2028-09-01,186.0
디퓨저,디퓨저 44,2028-10-01,182.0
디퓨저,디퓨저 44,2028-11-01,123.0
디퓨저,디퓨저 44,2028-12-01,169.0
디퓨저,디퓨저 44,2029-01-01,163.0
디퓨저,디퓨저 44,2029-02-01,126.0
디퓨저,디퓨저 44,2029-03-01,159.0
디퓨저,디퓨저 44,2029-04-01,143.0
디퓨저,디퓨저 44,2029-05-01,142.0
디퓨저,디퓨저 45,2028-01-01,170.0
디퓨저,디퓨저 45,2028-02-01,118.0
디퓨저,디퓨저 45,2028-03-01,114.0
디퓨저,디퓨저 45,2028-04-01,90.0
디퓨저,디퓨저 45,2028-05-01,136.0
디퓨저,디퓨저 45,2028-06-01,97.0
디퓨저,디퓨저 45,2028-07-01,93.0
디퓨저,디퓨저 45,2028-08-01,117.0
디퓨저,디퓨저 45,2028-09-01,109.0
디퓨저,디퓨저 45,2028-10-01,105.0
디퓨저,디퓨저 45,2028-11-01,114.0
디퓨저,디퓨저 45,2028-12-01,113.0
디퓨저,디퓨저 45,2029-01-01,117.0
디퓨저,디퓨저 45,2029-02-01,91.0
디퓨저,디퓨저 45,2029-03-01,133.0
디퓨저,디퓨저 45,2029-04-01,105.0
디퓨저,디퓨저 45,2029-05-01,143.0
디퓨저,디퓨저 46,2028-01-01,38.0
디퓨저,디퓨저 46,2028-02-01,35.0
디퓨저,디퓨저 46,2028-03-01,60.0
디퓨저,디퓨저 46,2028-04-01,41.0
디퓨저,디퓨저 46,2028-05-01,53.0
디퓨저,디퓨저 46,2028-06-01,49.0
디퓨저,디퓨저 46,2028-07-01,50.0
디퓨저,디퓨저 46,2028-08-01,52.0
디퓨저,디퓨저 46,2028-09-01,49.0
디퓨저,디퓨저 46,2028-10-01,67.0
디퓨저,디퓨저 46,2028-11-01,44.0
디퓨저,디퓨저 46,2028-12-01,54.0
디퓨저,디퓨저 46,2029-01-01,50.0
디퓨저,디퓨저 46,2029-02-01,44.0
디퓨저,디퓨저 46,2029-03-01,55.0
디퓨저,디퓨저 46,2029-04-01,67.0
디퓨저,디퓨저 46,2029-05-01,56.0
디퓨저,디퓨저 47,2028-01-01,24.0
디퓨저,디퓨저 47,2028-02-01,20.0
디퓨저,디퓨저 47,2028-03-01,24.0
디퓨저,디퓨저 47,2028-04-01,26.0
디퓨저,디퓨저 47,2028-05-01,27.0
디퓨저,디퓨저 47,2028-06-01,37.0
디퓨저,디퓨저 47,2028-07-01,27.0
디퓨저,디퓨저 47,2028-08-01,28.0
디퓨저,디퓨저 47,2028-09-01,33.0
디퓨저,디퓨저 47,2028-10-01,37.0
디퓨저,디퓨저 47,2028-11-01,31.0
디퓨저,디퓨저 47,2028-12-01,35.0
디퓨저,디퓨저 47,2029-01-01,25.0
디퓨저,디퓨저 47,2029-02-01,28.0
디퓨저,디퓨저 47,2029-03-01,33.0
디퓨저,디퓨저 47,2029-04-01,32.0
디퓨저,디퓨저 47,2029-05-01,66.0
디퓨저,디퓨저 48,2028-01-01,14.0
디퓨저,디퓨저 48,2028-02-01,19.0
디퓨저,디퓨저 48,2028-03-01,25.0
디퓨저,디퓨저 48,2028-04-01,28.0
디퓨저,디퓨저 48,2028-05-01,20.0
디퓨저,디퓨저 48,2028-06-01,14.0
디퓨저,디퓨저 48,2028-07-01,23.0
디퓨저,디퓨저 48,2028-08-01,26.0
디퓨저,디퓨저 48,2028-09-01,21.0
디퓨저,디퓨저 48,2028-10-01,22.0
디퓨저,디퓨저 48,2028-11-01,25.0
디퓨저,디퓨저 48,2028-12-01,23.0
디퓨저,디퓨저 48,2029-01-01,15.0
디퓨저,디퓨저 48,2029-02-01,34.0
디퓨저,디퓨저 48,2029-03-01,35.0
디퓨저,디퓨저 48,2029-04-01,27.0
디퓨저,디퓨저 48,2029-05-01,61.0
기타,기타 01,2028-01-01,1799.0
기타,기타 01,2028-02-01,1854.0
기타,기타 01,2028-03-01,379.0
기타,기타 01,2028-04-01,2008.0
기타,기타 01,2028-05-01,1934.0
기타,기타 01,2028-06-01,1639.0
기타,기타 01,2028-07-01,1790.0
기타,기타 01,2028-08-01,1778.0
기타,기타 01,2028-09-01,2001.0
기타,기타 01,2028-10-01,1821.0
기타,기타 01,2028-11-01,2043.0
기타,기타 01,2028-12-01,2658.0
기타,기타 01,2029-01-01,1342.0
기타,기타 01,2029-02-01,1891.0
기타,기타 01,2029-03-01,1957.0
기타,기타 01,2029-04-01,2356.0
기타,기타 01,2029-05-01,1975.0
기타,기타 02,2028-01-01,602.0
기타,기타 02,2028-02-01,595.0
기타,기타 02,2028-03-01,553.0
기타,기타 02,2028-04-01,541.0
기타,기타 02,2028-05-01,468.0
기타,기타 02,2028-06-01,371.0
기타,기타 02,2028-07-01,257.0
기타,기타 02,2028-08-01,237.0
기타,기타 02,2028-09-01,313.0
기타,기타 02,2028-10-01,236.0
기타,기타 02,2028-11-01,209.0
기타,기타 02,2028-12-01,274.0
기타,기타 02,2029-01-01,619.0
기타,기타 02,2029-02-01,661.0
기타,기타 02,2029-03-01,492.0
기타,기타 02,2029-04-01,285.0
기타,기타 02,2029-05-01,214.0
기타,기타 03,2028-01-01,477.0
기타,기타 03,2028-02-01,505.0
기타,기타 03,2028-03-01,384.0
기타,기타 03,2028-04-01,284.0
기타,기타 03,2028-05-01,226.0
기타,기타 03,2028-06-01,243.0
기타,기타 03,2028-07-01,180.0
기타,기타 03,2028-08-01,166.0
기타,기타 03,2028-09-01,436.0
기타,기타 03,2028-10-01,272.0
기타,기타 03,2028-11-01,285.0
기타,기타 03,2028-12-01,269.0
기타,기타 03,2029-01-01,335.0
기타,기타 03,2029-02-01,591.0
기타,기타 03,2029-03-01,438.0
기타,기타 03,2029-04-01,226.0
기타,기타 03,2029-05-01,1433.0
기타,기타 04,2028-01-01,0.0
기타,기타 04,2028-02-01,1855.0
기타,기타 04,2028-03-01,3409.0
기타,기타 04,2028-04-01,6.0
기타,기타 04,2028-05-01,0.0
기타,기타 04,2028-06-01,1033.0
기타,기타 04,2028-07-01,83.0
기타,기타 04,2028-08-01,0.0
기타,기타 04,2028-09-01,0.0
기타,기타 04,2028-10-01,0.0
기타,기타 04,2028-11-01,0.0
기타,기타 04,2028-12-01,0.0
오일 퍼퓸,오일 퍼퓸 01,2028-01-01,63.0
오일 퍼퓸,오일 퍼퓸 01,2028-02-01,83.0
오일 퍼퓸,오일 퍼퓸 01,2028-03-01,356.0
오일 퍼퓸,오일 퍼퓸 01,2028-04-01,80.0
오일 퍼퓸,오일 퍼퓸 01,2028-05-01,28.0
오일 퍼퓸,오일 퍼퓸 01,2028-06-01,6.0
오일 퍼퓸,오일 퍼퓸 01,2028-07-01,4.0
오일 퍼퓸,오일 퍼퓸 01,2028-08-01,1.0
오일 퍼퓸,오일 퍼퓸 01,2028-09-01,0.0
오일 퍼퓸,오일 퍼퓸 01,2028-10-01,3.0
오일 퍼퓸,오일 퍼퓸 01,2028-11-01,0.0
오일 퍼퓸,오일 퍼퓸 01,2028-12-01,0.0
오일 퍼퓸,오일 퍼퓸 02,2028-01-01,76.0
오일 퍼퓸,오일 퍼퓸 02,2028-02-01,89.0
오일 퍼퓸,오일 퍼퓸 02,2028-03-01,132.0
오일 퍼퓸,오일 퍼퓸 02,2028-04-01,28.0
오일 퍼퓸,오일 퍼퓸 02,2028-05-01,12.0
오일 퍼퓸,오일 퍼퓸 02,2028-06-01,4.0
오일 퍼퓸,오일 퍼퓸 02,2028-07-01,0.0
오일 퍼퓸,오일 퍼퓸 02,2028-08-01,1.0
오일 퍼퓸,오일 퍼퓸 02,2028-09-01,2.0
오일 퍼퓸,오일 퍼퓸 02,2028-10-01,0.0
오일 퍼퓸,오일 퍼퓸 02,2028-11-01,1.0
오일 퍼퓸,오일 퍼퓸 02,2028-12-01,1.0
오일 퍼퓸,오일 퍼퓸 03,2028-01-01,3.0
오일 퍼퓸,오일 퍼퓸 03,2028-02-01,0.0
오일 퍼퓸,오일 퍼퓸 03,2028-03-01,0.0
오일 퍼퓸,오일 퍼퓸 03,2028-04-01,0.0
오일 퍼퓸,오일 퍼퓸 03,2028-05-01,0.0
오일 퍼퓸,오일 퍼퓸 03,2028-06-01,0.0
오일 퍼퓸,오일 퍼퓸 03,2028-07-01,0.0
오일 퍼퓸,오일 퍼퓸 03,2028-08-01,0.0
오일 퍼퓸,오일 퍼퓸 03,2028-09-01,0.0
오일 퍼퓸,오일 퍼퓸 03,2028-10-01,0.0
오일 퍼퓸,오일 퍼퓸 03,2028-11-01,0.0
오일 퍼퓸,오일 퍼퓸 03,2028-12-01,0.0
오일 퍼퓸,오일 퍼퓸 04,2028-01-01,182.0
오일 퍼퓸,오일 퍼퓸 04,2028-02-01,217.0
오일 퍼퓸,오일 퍼퓸 04,2028-03-01,220.0
오일 퍼퓸,오일 퍼퓸 04,2028-04-01,252.0
오일 퍼퓸,오일 퍼퓸 04,2028-05-01,290.0
오일 퍼퓸,오일 퍼퓸 04,2028-06-01,255.0
오일 퍼퓸,오일 퍼퓸 04,2028-07-01,231.0
오일 퍼퓸,오일 퍼퓸 04,2028-08-01,225.0
오일 퍼퓸,오일 퍼퓸 04,2028-09-01,173.0
오일 퍼퓸,오일 퍼퓸 04,2028-10-01,341.0
오일 퍼퓸,오일 퍼퓸 04,2028-11-01,2450.0
오일 퍼퓸,오일 퍼퓸 04,2028-12-01,2572.0
오일 퍼퓸,오일 퍼퓸 04,2029-01-01,1786.0
오일 퍼퓸,오일 퍼퓸 04,2029-02-01,2047.0
오일 퍼퓸,오일 퍼퓸 04,2029-03-01,2000.0
오일 퍼퓸,오일 퍼퓸 04,2029-04-01,2195.0
오일 퍼퓸,오일 퍼퓸 04,2029-05-01,1443.0
오일 퍼퓸,오일 퍼퓸 05,2028-01-01,0.0
오일 퍼퓸,오일 퍼퓸 05,2028-02-01,0.0
오일 퍼퓸,오일 퍼퓸 05,2028-03-01,0.0
오일 퍼퓸,오일 퍼퓸 05,2028-04-01,0.0
오일 퍼퓸,오일 퍼퓸 05,2028-05-01,0.0
오일 퍼퓸,오일 퍼퓸 05,2028-06-01,0.0
오일 퍼퓸,오일 퍼퓸 05,2028-07-01,0.0
오일 퍼퓸,오일 퍼퓸 05,2028-08-01,0.0
오일 퍼퓸,오일 퍼퓸 05,2028-09-01,0.0
오일 퍼퓸,오일 퍼퓸 05,2028-10-01,10.0
오일 퍼퓸,오일 퍼퓸 05,2028-11-01,413.0
오일 퍼퓸,오일 퍼퓸 05,2028-12-01,178.0
오일 퍼퓸,오일 퍼퓸 05,2029-01-01,119.0
오일 퍼퓸,오일 퍼퓸 05,2029-02-01,603.0
오일 퍼퓸,오일 퍼퓸 05,2029-03-01,136.0
오일 퍼퓸,오일 퍼퓸 05,2029-04-01,153.0
오일 퍼퓸,오일 퍼퓸 05,2029-05-01,399.0
오일 퍼퓸,오일 퍼퓸 06,2028-01-01,154.0
오일 퍼퓸,오일 퍼퓸 06,2028-02-01,135.0
오일 퍼퓸,오일 퍼퓸 06,2028-03-01,286.0
오일 퍼퓸,오일 퍼퓸 06,2028-04-01,22.0
오일 퍼퓸,오일 퍼퓸 06,2028-05-01,6.0
오일 퍼퓸,오일 퍼퓸 06,2028-06-01,2.0
오일 퍼퓸,오일 퍼퓸 06,2028-07-01,0.0
오일 퍼퓸,오일 퍼퓸 06,2028-08-01,2.0
오일 퍼퓸,오일 퍼퓸 06,2028-09-01,256.0
오일 퍼퓸,오일 퍼퓸 06,2028-10-01,417.0
오일 퍼퓸,오일 퍼퓸 06,2028-11-01,2203.0
오일 퍼퓸,오일 퍼퓸 06,2028-12-01,2263.0
오일 퍼퓸,오일 퍼퓸 06,2029-01-01,1910.0
오일 퍼퓸,오일 퍼퓸 06,2029-02-01,2106.0
오일 퍼퓸,오일 퍼퓸 06,2029-03-01,2106.0
오일 퍼퓸,오일 퍼퓸 06,2029-04-01,2683.0
오일 퍼퓸,오일 퍼퓸 06,2029-05-01,1957.0
오일 퍼퓸,오일 퍼퓸 07,2028-01-01,0.0
오일 퍼퓸,오일 퍼퓸 07,2028-02-01,0.0
오일 퍼퓸,오일 퍼퓸 07,2028-03-01,0.0
오일 퍼퓸,오일 퍼퓸 07,2028-04-01,0.0
오일 퍼퓸,오일 퍼퓸 07,2028-05-01,0.0
오일 퍼퓸,오일 퍼퓸 07,2028-06-01,0.0
오일 퍼퓸,오일 퍼퓸 07,2028-07-01,0.0
오일 퍼퓸,오일 퍼퓸 07,2028-08-01,0.0
오일 퍼퓸,오일 퍼퓸 07,2028-09-01,0.0
오일 퍼퓸,오일 퍼퓸 07,2028-10-01,0.0
오일 퍼퓸,오일 퍼퓸 07,2028-11-01,0.0
오일 퍼퓸,오일 퍼퓸 07,2028-12-01,0.0
오일 퍼퓸,오일 퍼퓸 07,2029-01-01,70.0
오일 퍼퓸,오일 퍼퓸 07,2029-02-01,638.0
오일 퍼퓸,오일 퍼퓸 07,2029-03-01,211.0
오일 퍼퓸,오일 퍼퓸 07,2029-04-01,196.0
오일 퍼퓸,오일 퍼퓸 07,2029-05-01,318.0
오일 퍼퓸,오일 퍼퓸 08,2028-01-01,0.0
오일 퍼퓸,오일 퍼퓸 08,2028-02-01,0.0
오일 퍼퓸,오일 퍼퓸 08,2028-03-01,0.0
오일 퍼퓸,오일 퍼퓸 08,2028-04-01,0.0
오일 퍼퓸,오일 퍼퓸 08,2028-05-01,0.0
오일 퍼퓸,오일 퍼퓸 08,2028-06-01,0.0
오일 퍼퓸,오일 퍼퓸 08,2028-07-01,0.0
오일 퍼퓸,오일 퍼퓸 08,2028-08-01,0.0
오일 퍼퓸,오일 퍼퓸 08,2028-09-01,0.0
오일 퍼퓸,오일 퍼퓸 08,2028-10-01,0.0
오일 퍼퓸,오일 퍼퓸 08,2028-11-01,0.0
오일 퍼퓸,오일 퍼퓸 08,2028-12-01,0.0
오일 퍼퓸,오일 퍼퓸 08,2029-01-01,0.0
오일 퍼퓸,오일 퍼퓸 08,2029-02-01,26.0
오일 퍼퓸,오일 퍼퓸 08,2029-03-01,238.0
오일 퍼퓸,오일 퍼퓸 08,2029-04-01,164.0
오일 퍼퓸,오일 퍼퓸 08,2029-05-01,370.0
오일 퍼퓸,오일 퍼퓸 09,2028-01-01,581.0
오일 퍼퓸,오일 퍼퓸 09,2028-02-01,564.0
오일 퍼퓸,오일 퍼퓸 09,2028-03-01,916.0
오일 퍼퓸,오일 퍼퓸 09,2028-04-01,562.0
오일 퍼퓸,오일 퍼퓸 09,2028-05-01,611.0
오일 퍼퓸,오일 퍼퓸 09,2028-06-01,564.0
오일 퍼퓸,오일 퍼퓸 09,2028-07-01,497.0
오일 퍼퓸,오일 퍼퓸 09,2028-08-01,561.0
오일 퍼퓸,오일 퍼퓸 09,2028-09-01,799.0
오일 퍼퓸,오일 퍼퓸 09,2028-10-01,966.0
오일 퍼퓸,오일 퍼퓸 09,2028-11-01,647.0
오일 퍼퓸,오일 퍼퓸 09,2028-12-01,632.0
오일 퍼퓸,오일 퍼퓸 09,2029-01-01,519.0
오일 퍼퓸,오일 퍼퓸 09,2029-02-01,474.0
오일 퍼퓸,오일 퍼퓸 09,2029-03-01,388.0
오일 퍼퓸,오일 퍼퓸 09,2029-04-01,432.0
오일 퍼퓸,오일 퍼퓸 09,2029-05-01,514.0
오일 퍼퓸,오일 퍼퓸 10,2028-01-01,683.0
오일 퍼퓸,오일 퍼퓸 10,2028-02-01,558.0
오일 퍼퓸,오일 퍼퓸 10,2028-03-01,544.0
오일 퍼퓸,오일 퍼퓸 10,2028-04-01,465.0
오일 퍼퓸,오일 퍼퓸 10,2028-05-01,516.0
오일 퍼퓸,오일 퍼퓸 10,2028-06-01,472.0
오일 퍼퓸,오일 퍼퓸 10,2028-07-01,349.0
오일 퍼퓸,오일 퍼퓸 10,2028-08-01,507.0
오일 퍼퓸,오일 퍼퓸 10,2028-09-01,667.0
오일 퍼퓸,오일 퍼퓸 10,2028-10-01,820.0
오일 퍼퓸,오일 퍼퓸 10,2028-11-01,623.0
오일 퍼퓸,오일 퍼퓸 10,2028-12-01,625.0
오일 퍼퓸,오일 퍼퓸 10,2029-01-01,457.0
오일 퍼퓸,오일 퍼퓸 10,2029-02-01,366.0
오일 퍼퓸,오일 퍼퓸 10,2029-03-01,233.0
오일 퍼퓸,오일 퍼퓸 10,2029-04-01,117.0
오일 퍼퓸,오일 퍼퓸 10,2029-05-01,0.0
오일 퍼퓸,오일 퍼퓸 11,2028-01-01,23102.0
오일 퍼퓸,오일 퍼퓸 11,2028-02-01,22744.0
오일 퍼퓸,오일 퍼퓸 11,2028-03-01,26646.0
오일 퍼퓸,오일 퍼퓸 11,2028-04-01,31282.0
오일 퍼퓸,오일 퍼퓸 11,2028-05-01,25293.0
오일 퍼퓸,오일 퍼퓸 11,2028-06-01,21884.0
오일 퍼퓸,오일 퍼퓸 11,2028-07-01,3507.0
오일 퍼퓸,오일 퍼퓸 11,2028-08-01,1778.0
오일 퍼퓸,오일 퍼퓸 11,2028-09-01,77.0
오일 퍼퓸,오일 퍼퓸 11,2028-10-01,79.0
오일 퍼퓸,오일 퍼퓸 11,2028-11-01,47.0
오일 퍼퓸,오일 퍼퓸 11,2028-12-01,98.0
오일 퍼퓸,오일 퍼퓸 12,2028-01-01,770.0
오일 퍼퓸,오일 퍼퓸 12,2028-02-01,553.0
오일 퍼퓸,오일 퍼퓸 12,2028-03-01,943.0
오일 퍼퓸,오일 퍼퓸 12,2028-04-01,1062.0
오일 퍼퓸,오일 퍼퓸 12,2028-05-01,1031.0
오일 퍼퓸,오일 퍼퓸 12,2028-06-01,747.0
오일 퍼퓸,오일 퍼퓸 12,2028-07-01,343.0
오일 퍼퓸,오일 퍼퓸 12,2028-08-01,203.0
오일 퍼퓸,오일 퍼퓸 12,2028-09-01,1.0
오일 퍼퓸,오일 퍼퓸 12,2028-10-01,0.0
오일 퍼퓸,오일 퍼퓸 12,2028-11-01,0.0
오일 퍼퓸,오일 퍼퓸 12,2028-12-01,0.0
오일 퍼퓸,오일 퍼퓸 13,2028-01-01,0.0
오일 퍼퓸,오일 퍼퓸 13,2028-02-01,0.0
오일 퍼퓸,오일 퍼퓸 13,2028-03-01,0.0
오일 퍼퓸,오일 퍼퓸 13,2028-04-01,0.0
오일 퍼퓸,오일 퍼퓸 13,2028-05-01,710.0
오일 퍼퓸,오일 퍼퓸 13,2028-06-01,1901.0
오일 퍼퓸,오일 퍼퓸 13,2028-07-01,1044.0
오일 퍼퓸,오일 퍼퓸 13,2028-08-01,15.0
오일 퍼퓸,오일 퍼퓸 13,2028-09-01,0.0
오일 퍼퓸,오일 퍼퓸 13,2028-10-01,0.0
오일 퍼퓸,오일 퍼퓸 13,2028-11-01,0.0
오일 퍼퓸,오일 퍼퓸 13,2028-12-01,0.0
오일 퍼퓸,오일 퍼퓸 13,2029-01-01,1.0
오일 퍼퓸,오일 퍼퓸 13,2029-02-01,0.0
오일 퍼퓸,오일 퍼퓸 13,2029-03-01,0.0
오일 퍼퓸,오일 퍼퓸 13,2029-04-01,2.0
오일 퍼퓸,오일 퍼퓸 13,2029-05-01,8.0
오일 퍼퓸,오일 퍼퓸 14,2029-01-01,0.0
오일 퍼퓸,오일 퍼퓸 14,2029-02-01,0.0
오일 퍼퓸,오일 퍼퓸 14,2029-03-01,0.0
오일 퍼퓸,오일 퍼퓸 14,2029-04-01,1145.0
오일 퍼퓸,오일 퍼퓸 14,2029-05-01,6389.0
오일 퍼퓸,오일 퍼퓸 15,2028-01-01,880.0
오일 퍼퓸,오일 퍼퓸 15,2028-02-01,963.0
오일 퍼퓸,오일 퍼퓸 15,2028-03-01,1467.0
오일 퍼퓸,오일 퍼퓸 15,2028-04-01,2881.0
오일 퍼퓸,오일 퍼퓸 15,2028-05-01,1340.0
오일 퍼퓸,오일 퍼퓸 15,2028-06-01,1200.0
오일 퍼퓸,오일 퍼퓸 15,2028-07-01,1178.0
오일 퍼퓸,오일 퍼퓸 15,2028-08-01,1022.0
오일 퍼퓸,오일 퍼퓸 15,2028-09-01,1141.0
오일 퍼퓸,오일 퍼퓸 15,2028-10-01,1250.0
오일 퍼퓸,오일 퍼퓸 15,2028-11-01,802.0
오일 퍼퓸,오일 퍼퓸 15,2028-12-01,851.0
오일 퍼퓸,오일 퍼퓸 15,2029-01-01,753.0
오일 퍼퓸,오일 퍼퓸 15,2029-02-01,929.0
오일 퍼퓸,오일 퍼퓸 15,2029-03-01,857.0
오일 퍼퓸,오일 퍼퓸 15,2029-04-01,934.0
오일 퍼퓸,오일 퍼퓸 15,2029-05-01,1216.0
오일 퍼퓸,오일 퍼퓸 16,2028-01-01,0.0
오일 퍼퓸,오일 퍼퓸 16,2028-02-01,0.0
오일 퍼퓸,오일 퍼퓸 16,2028-03-01,0.0
오일 퍼퓸,오일 퍼퓸 16,2028-04-01,0.0
오일 퍼퓸,오일 퍼퓸 16,2028-05-01,0.0
오일 퍼퓸,오일 퍼퓸 16,2028-06-01,0.0
오일 퍼퓸,오일 퍼퓸 16,2028-07-01,0.0
오일 퍼퓸,오일 퍼퓸 16,2028-08-01,0.0
오일 퍼퓸,오일 퍼퓸 16,2028-09-01,1.0
오일 퍼퓸,오일 퍼퓸 16,2028-10-01,0.0
오일 퍼퓸,오일 퍼퓸 16,2028-11-01,0.0
오일 퍼퓸,오일 퍼퓸 16,2028-12-01,0.0
오일 퍼퓸,오일 퍼퓸 17,2028-01-01,0.0
오일 퍼퓸,오일 퍼퓸 17,2028-02-01,0.0
오일 퍼퓸,오일 퍼퓸 17,2028-03-01,0.0
오일 퍼퓸,오일 퍼퓸 17,2028-04-01,0.0
오일 퍼퓸,오일 퍼퓸 17,2028-05-01,0.0
오일 퍼퓸,오일 퍼퓸 17,2028-06-01,2496.0
오일 퍼퓸,오일 퍼퓸 17,2028-07-01,21397.0
오일 퍼퓸,오일 퍼퓸 17,2028-08-01,26138.0
오일 퍼퓸,오일 퍼퓸 17,2028-09-01,29267.0
오일 퍼퓸,오일 퍼퓸 17,2028-10-01,31588.0
오일 퍼퓸,오일 퍼퓸 17,2028-11-01,24274.0
오일 퍼퓸,오일 퍼퓸 17,2028-12-01,32467.0
오일 퍼퓸,오일 퍼퓸 17,2029-01-01,24968.0
오일 퍼퓸,오일 퍼퓸 17,2029-02-01,25718.0
오일 퍼퓸,오일 퍼퓸 17,2029-03-01,27294.0
오일 퍼퓸,오일 퍼퓸 17,2029-04-01,26827.0
오일 퍼퓸,오일 퍼퓸 17,2029-05-01,27143.0
오일 퍼퓸,오일 퍼퓸 18,2028-01-01,451.0
오일 퍼퓸,오일 퍼퓸 18,2028-02-01,533.0
오일 퍼퓸,오일 퍼퓸 18,2028-03-01,632.0
오일 퍼퓸,오일 퍼퓸 18,2028-04-01,709.0
오일 퍼퓸,오일 퍼퓸 18,2028-05-01,835.0
오일 퍼퓸,오일 퍼퓸 18,2028-06-01,781.0
오일 퍼퓸,오일 퍼퓸 18,2028-07-01,826.0
오일 퍼퓸,오일 퍼퓸 18,2028-08-01,549.0
오일 퍼퓸,오일 퍼퓸 18,2028-09-01,239.0
오일 퍼퓸,오일 퍼퓸 18,2028-10-01,21.0
오일 퍼퓸,오일 퍼퓸 18,2028-11-01,1.0
오일 퍼퓸,오일 퍼퓸 18,2028-12-01,0.0
오일 퍼퓸,오일 퍼퓸 19,2028-01-01,599.0
오일 퍼퓸,오일 퍼퓸 19,2028-02-01,358.0
오일 퍼퓸,오일 퍼퓸 19,2028-03-01,110.0
오일 퍼퓸,오일 퍼퓸 19,2028-04-01,114.0
오일 퍼퓸,오일 퍼퓸 19,2028-05-01,315.0
오일 퍼퓸,오일 퍼퓸 19,2028-06-01,142.0
오일 퍼퓸,오일 퍼퓸 19,2028-07-01,95.0
오일 퍼퓸,오일 퍼퓸 19,2028-08-01,107.0
오일 퍼퓸,오일 퍼퓸 19,2028-09-01,299.0
오일 퍼퓸,오일 퍼퓸 19,2028-10-01,216.0
오일 퍼퓸,오일 퍼퓸 19,2028-11-01,71.0
오일 퍼퓸,오일 퍼퓸 19,2028-12-01,315.0
오일 퍼퓸,오일 퍼퓸 19,2029-01-01,121.0
오일 퍼퓸,오일 퍼퓸 19,2029-02-01,105.0
오일 퍼퓸,오일 퍼퓸 19,2029-03-01,83.0
오일 퍼퓸,오일 퍼퓸 19,2029-04-01,104.0
오일 퍼퓸,오일 퍼퓸 19,2029-05-01,190.0
오일 퍼퓸,오일 퍼퓸 20,2028-01-01,1557.0
오일 퍼퓸,오일 퍼퓸 20,2028-02-01,1955.0
오일 퍼퓸,오일 퍼퓸 20,2028-03-01,2246.0
오일 퍼퓸,오일 퍼퓸 20,2028-04-01,2086.0
오일 퍼퓸,오일 퍼퓸 20,2028-05-01,2644.0
오일 퍼퓸,오일 퍼퓸 20,2028-06-01,2173.0
오일 퍼퓸,오일 퍼퓸 20,2028-07-01,2530.0
오일 퍼퓸,오일 퍼퓸 20,2028-08-01,2223.0
오일 퍼퓸,오일 퍼퓸 20,2028-09-01,2442.0
오일 퍼퓸,오일 퍼퓸 20,2028-10-01,2710.0
오일 퍼퓸,오일 퍼퓸 20,2028-11-01,1248.0
오일 퍼퓸,오일 퍼퓸 20,2028-12-01,1550.0
오일 퍼퓸,오일 퍼퓸 20,2029-01-01,1501.0
오일 퍼퓸,오일 퍼퓸 20,2029-02-01,1609.0
오일 퍼퓸,오일 퍼퓸 20,2029-03-01,1526.0
오일 퍼퓸,오일 퍼퓸 20,2029-04-01,1382.0
오일 퍼퓸,오일 퍼퓸 20,2029-05-01,1479.0
오일 퍼퓸,오일 퍼퓸 21,2028-01-01,0.0
오일 퍼퓸,오일 퍼퓸 21,2028-02-01,0.0
오일 퍼퓸,오일 퍼퓸 21,2028-03-01,0.0
오일 퍼퓸,오일 퍼퓸 21,2028-04-01,0.0
오일 퍼퓸,오일 퍼퓸 21,2028-05-01,0.0
오일 퍼퓸,오일 퍼퓸 21,2028-06-01,0.0
오일 퍼퓸,오일 퍼퓸 21,2028-07-01,0.0
오일 퍼퓸,오일 퍼퓸 21,2028-08-01,0.0
오일 퍼퓸,오일 퍼퓸 21,2028-09-01,0.0
오일 퍼퓸,오일 퍼퓸 21,2028-10-01,0.0
오일 퍼퓸,오일 퍼퓸 21,2028-11-01,0.0
오일 퍼퓸,오일 퍼퓸 21,2028-12-01,0.0
오일 퍼퓸,오일 퍼퓸 22,2028-01-01,0.0
오일 퍼퓸,오일 퍼퓸 22,2028-02-01,0.0
오일 퍼퓸,오일 퍼퓸 22,2028-03-01,0.0
오일 퍼퓸,오일 퍼퓸 22,2028-04-01,0.0
오일 퍼퓸,오일 퍼퓸 22,2028-05-01,0.0
오일 퍼퓸,오일 퍼퓸 22,2028-06-01,0.0
오일 퍼퓸,오일 퍼퓸 22,2028-07-01,0.0
오일 퍼퓸,오일 퍼퓸 22,2028-08-01,0.0
오일 퍼퓸,오일 퍼퓸 22,2028-09-01,0.0
오일 퍼퓸,오일 퍼퓸 22,2028-10-01,49.0
오일 퍼퓸,오일 퍼퓸 22,2028-11-01,2077.0
오일 퍼퓸,오일 퍼퓸 22,2028-12-01,1903.0
오일 퍼퓸,오일 퍼퓸 22,2029-01-01,1304.0
오일 퍼퓸,오일 퍼퓸 22,2029-02-01,1353.0
오일 퍼퓸,오일 퍼퓸 22,2029-03-01,1552.0
오일 퍼퓸,오일 퍼퓸 22,2029-04-01,1523.0
오일 퍼퓸,오일 퍼퓸 22,2029-05-01,1159.0
오일 퍼퓸,오일 퍼퓸 23,2028-01-01,0.0
오일 퍼퓸,오일 퍼퓸 23,2028-02-01,0.0
오일 퍼퓸,오일 퍼퓸 23,2028-03-01,0.0
오일 퍼퓸,오일 퍼퓸 23,2028-04-01,0.0
오일 퍼퓸,오일 퍼퓸 23,2028-05-01,0.0
오일 퍼퓸,오일 퍼퓸 23,2028-06-01,0.0
오일 퍼퓸,오일 퍼퓸 23,2028-07-01,0.0
오일 퍼퓸,오일 퍼퓸 23,2028-08-01,0.0
오일 퍼퓸,오일 퍼퓸 23,2028-09-01,0.0
오일 퍼퓸,오일 퍼퓸 23,2028-10-01,0.0
오일 퍼퓸,오일 퍼퓸 23,2028-11-01,0.0
오일 퍼퓸,오일 퍼퓸 23,2028-12-01,0.0
오일 퍼퓸,오일 퍼퓸 24,2028-01-01,264.0
오일 퍼퓸,오일 퍼퓸 24,2028-02-01,110.0
오일 퍼퓸,오일 퍼퓸 24,2028-03-01,22.0
오일 퍼퓸,오일 퍼퓸 24,2028-04-01,0.0
오일 퍼퓸,오일 퍼퓸 24,2028-05-01,1.0
오일 퍼퓸,오일 퍼퓸 24,2028-06-01,-1.0
오일 퍼퓸,오일 퍼퓸 24,2028-07-01,0.0
오일 퍼퓸,오일 퍼퓸 24,2028-08-01,0.0
오일 퍼퓸,오일 퍼퓸 24,2028-09-01,0.0
오일 퍼퓸,오일 퍼퓸 24,2028-10-01,0.0
오일 퍼퓸,오일 퍼퓸 24,2028-11-01,0.0
오일 퍼퓸,오일 퍼퓸 24,2028-12-01,0.0
오일 퍼퓸,오일 퍼퓸 25,2028-01-01,0.0
오일 퍼퓸,오일 퍼퓸 25,2028-02-01,0.0
오일 퍼퓸,오일 퍼퓸 25,2028-03-01,0.0
오일 퍼퓸,오일 퍼퓸 25,2028-04-01,0.0
오일 퍼퓸,오일 퍼퓸 25,2028-05-01,0.0
오일 퍼퓸,오일 퍼퓸 25,2028-06-01,0.0
오일 퍼퓸,오일 퍼퓸 25,2028-07-01,0.0
오일 퍼퓸,오일 퍼퓸 25,2028-08-01,0.0
오일 퍼퓸,오일 퍼퓸 25,2028-09-01,0.0
오일 퍼퓸,오일 퍼퓸 25,2028-10-01,0.0
오일 퍼퓸,오일 퍼퓸 25,2028-11-01,27.0
오일 퍼퓸,오일 퍼퓸 25,2028-12-01,5958.0
오일 퍼퓸,오일 퍼퓸 25,2029-01-01,2513.0
오일 퍼퓸,오일 퍼퓸 25,2029-02-01,504.0
오일 퍼퓸,오일 퍼퓸 25,2029-03-01,10.0
오일 퍼퓸,오일 퍼퓸 25,2029-04-01,23.0
오일 퍼퓸,오일 퍼퓸 25,2029-05-01,0.0
오일 퍼퓸,오일 퍼퓸 26,2028-01-01,1120.0
오일 퍼퓸,오일 퍼퓸 26,2028-02-01,1191.0
오일 퍼퓸,오일 퍼퓸 26,2028-03-01,1871.0
오일 퍼퓸,오일 퍼퓸 26,2028-04-01,1320.0
오일 퍼퓸,오일 퍼퓸 26,2028-05-01,1412.0
오일 퍼퓸,오일 퍼퓸 26,2028-06-01,1209.0
오일 퍼퓸,오일 퍼퓸 26,2028-07-01,1304.0
오일 퍼퓸,오일 퍼퓸 26,2028-08-01,1465.0
오일 퍼퓸,오일 퍼퓸 26,2028-09-01,1770.0
오일 퍼퓸,오일 퍼퓸 26,2028-10-01,2158.0
오일 퍼퓸,오일 퍼퓸 26,2028-11-01,1613.0
오일 퍼퓸,오일 퍼퓸 26,2028-12-01,1661.0
오일 퍼퓸,오일 퍼퓸 26,2029-01-01,1479.0
오일 퍼퓸,오일 퍼퓸 26,2029-02-01,1390.0
오일 퍼퓸,오일 퍼퓸 26,2029-03-01,1355.0
오일 퍼퓸,오일 퍼퓸 26,2029-04-01,1379.0
오일 퍼퓸,오일 퍼퓸 26,2029-05-01,1366.0
오일 퍼퓸,오일 퍼퓸 27,2028-01-01,1304.0
오일 퍼퓸,오일 퍼퓸 27,2028-02-01,1506.0
오일 퍼퓸,오일 퍼퓸 27,2028-03-01,1726.0
오일 퍼퓸,오일 퍼퓸 27,2028-04-01,1544.0
오일 퍼퓸,오일 퍼퓸 27,2028-05-01,1813.0
오일 퍼퓸,오일 퍼퓸 27,2028-06-01,1436.0
오일 퍼퓸,오일 퍼퓸 27,2028-07-01,1586.0
오일 퍼퓸,오일 퍼퓸 27,2028-08-01,1706.0
오일 퍼퓸,오일 퍼퓸 27,2028-09-01,1824.0
오일 퍼퓸,오일 퍼퓸 27,2028-10-01,1827.0
오일 퍼퓸,오일 퍼퓸 27,2028-11-01,1166.0
오일 퍼퓸,오일 퍼퓸 27,2028-12-01,1483.0
오일 퍼퓸,오일 퍼퓸 27,2029-01-01,1245.0
오일 퍼퓸,오일 퍼퓸 27,2029-02-01,1146.0
오일 퍼퓸,오일 퍼퓸 27,2029-03-01,1200.0
오일 퍼퓸,오일 퍼퓸 27,2029-04-01,1398.0
오일 퍼퓸,오일 퍼퓸 27,2029-05-01,1263.0
오일 퍼퓸,오일 퍼퓸 28,2028-01-01,0.0
오일 퍼퓸,오일 퍼퓸 28,2028-02-01,0.0
오일 퍼퓸,오일 퍼퓸 28,2028-03-01,0.0
오일 퍼퓸,오일 퍼퓸 28,2028-04-01,0.0
오일 퍼퓸,오일 퍼퓸 28,2028-05-01,0.0
오일 퍼퓸,오일 퍼퓸 28,2028-06-01,0.0
오일 퍼퓸,오일 퍼퓸 28,2028-07-01,0.0
오일 퍼퓸,오일 퍼퓸 28,2028-08-01,0.0
오일 퍼퓸,오일 퍼퓸 28,2028-09-01,0.0
오일 퍼퓸,오일 퍼퓸 28,2028-10-01,0.0
오일 퍼퓸,오일 퍼퓸 28,2028-11-01,0.0
오일 퍼퓸,오일 퍼퓸 28,2028-12-01,0.0
오일 퍼퓸,오일 퍼퓸 29,2028-01-01,1473.0
오일 퍼퓸,오일 퍼퓸 29,2028-02-01,1746.0
오일 퍼퓸,오일 퍼퓸 29,2028-03-01,1901.0
오일 퍼퓸,오일 퍼퓸 29,2028-04-01,3647.0
오일 퍼퓸,오일 퍼퓸 29,2028-05-01,1841.0
오일 퍼퓸,오일 퍼퓸 29,2028-06-01,1657.0
오일 퍼퓸,오일 퍼퓸 29,2028-07-01,1604.0
오일 퍼퓸,오일 퍼퓸 29,2028-08-01,1715.0
오일 퍼퓸,오일 퍼퓸 29,2028-09-01,2029.0
오일 퍼퓸,오일 퍼퓸 29,2028-10-01,1866.0
오일 퍼퓸,오일 퍼퓸 29,2028-11-01,1330.0
오일 퍼퓸,오일 퍼퓸 29,2028-12-01,1414.0
오일 퍼퓸,오일 퍼퓸 29,2029-01-01,1222.0
오일 퍼퓸,오일 퍼퓸 29,2029-02-01,1333.0
오일 퍼퓸,오일 퍼퓸 29,2029-03-01,1031.0
오일 퍼퓸,오일 퍼퓸 29,2029-04-01,1009.0
오일 퍼퓸,오일 퍼퓸 29,2029-05-01,1223.0
오일 퍼퓸,오일 퍼퓸 30,2028-01-01,30.0
오일 퍼퓸,오일 퍼퓸 30,2028-02-01,53.0
오일 퍼퓸,오일 퍼퓸 30,2028-03-01,75.0
오일 퍼퓸,오일 퍼퓸 30,2028-04-01,58.0
오일 퍼퓸,오일 퍼퓸 30,2028-05-01,69.0
오일 퍼퓸,오일 퍼퓸 30,2028-06-01,41.0
오일 퍼퓸,오일 퍼퓸 30,2028-07-01,69.0
오일 퍼퓸,오일 퍼퓸 30,2028-08-01,96.0
오일 퍼퓸,오일 퍼퓸 30,2028-09-01,423.0
오일 퍼퓸,오일 퍼퓸 30,2028-10-01,339.0
오일 퍼퓸,오일 퍼퓸 30,2028-11-01,11.0
오일 퍼퓸,오일 퍼퓸 30,2028-12-01,37.0
오일 퍼퓸,오일 퍼퓸 31,2028-01-01,28.0
오일 퍼퓸,오일 퍼퓸 31,2028-02-01,6.0
오일 퍼퓸,오일 퍼퓸 31,2028-03-01,1.0
오일 퍼퓸,오일 퍼퓸 31,2028-04-01,5.0
오일 퍼퓸,오일 퍼퓸 31,2028-05-01,0.0
오일 퍼퓸,오일 퍼퓸 31,2028-06-01,0.0
오일 퍼퓸,오일 퍼퓸 31,2028-07-01,1.0
오일 퍼퓸,오일 퍼퓸 31,2028-08-01,1.0
오일 퍼퓸,오일 퍼퓸 31,2028-09-01,0.0
오일 퍼퓸,오일 퍼퓸 31,2028-10-01,0.0
오일 퍼퓸,오일 퍼퓸 31,2028-11-01,0.0
오일 퍼퓸,오일 퍼퓸 31,2028-12-01,0.0
오일 퍼퓸,오일 퍼퓸 32,2028-01-01,45.0
오일 퍼퓸,오일 퍼퓸 32,2028-02-01,180.0
오일 퍼퓸,오일 퍼퓸 32,2028-03-01,124.0
오일 퍼퓸,오일 퍼퓸 32,2028-04-01,72.0
오일 퍼퓸,오일 퍼퓸 32,2028-05-01,100.0
오일 퍼퓸,오일 퍼퓸 32,2028-06-01,76.0
오일 퍼퓸,오일 퍼퓸 32,2028-07-01,90.0
오일 퍼퓸,오일 퍼퓸 32,2028-08-01,45.0
오일 퍼퓸,오일 퍼퓸 32,2028-09-01,9.0
오일 퍼퓸,오일 퍼퓸 32,2028-10-01,3.0
오일 퍼퓸,오일 퍼퓸 32,2028-11-01,0.0
오일 퍼퓸,오일 퍼퓸 32,2028-12-01,0.0
오일 퍼퓸,오일 퍼퓸 33,2028-01-01,80.0
오일 퍼퓸,오일 퍼퓸 33,2028-02-01,155.0
오일 퍼퓸,오일 퍼퓸 33,2028-03-01,130.0
오일 퍼퓸,오일 퍼퓸 33,2028-04-01,133.0
오일 퍼퓸,오일 퍼퓸 33,2028-05-01,157.0
오일 퍼퓸,오일 퍼퓸 33,2028-06-01,97.0
오일 퍼퓸,오일 퍼퓸 33,2028-07-01,140.0
오일 퍼퓸,오일 퍼퓸 33,2028-08-01,175.0
오일 퍼퓸,오일 퍼퓸 33,2028-09-01,296.0
오일 퍼퓸,오일 퍼퓸 33,2028-10-01,304.0
오일 퍼퓸,오일 퍼퓸 33,2028-11-01,0.0
오일 퍼퓸,오일 퍼퓸 33,2028-12-01,0.0
오일 퍼퓸,오일 퍼퓸 34,2028-01-01,22.0
오일 퍼퓸,오일 퍼퓸 34,2028-02-01,41.0
오일 퍼퓸,오일 퍼퓸 34,2028-03-01,47.0
오일 퍼퓸,오일 퍼퓸 34,2028-04-01,48.0
오일 퍼퓸,오일 퍼퓸 34,2028-05-01,63.0
오일 퍼퓸,오일 퍼퓸 34,2028-06-01,50.0
오일 퍼퓸,오일 퍼퓸 34,2028-07-01,56.0
오일 퍼퓸,오일 퍼퓸 34,2028-08-01,95.0
오일 퍼퓸,오일 퍼퓸 34,2028-09-01,166.0
오일 퍼퓸,오일 퍼퓸 34,2028-10-01,172.0
오일 퍼퓸,오일 퍼퓸 34,2028-11-01,2.0
오일 퍼퓸,오일 퍼퓸 34,2028-12-01,0.0
오일 퍼퓸,오일 퍼퓸 35,2028-01-01,65.0
오일 퍼퓸,오일 퍼퓸 35,2028-02-01,87.0
오일 퍼퓸,오일 퍼퓸 35,2028-03-01,113.0
오일 퍼퓸,오일 퍼퓸 35,2028-04-01,102.0
오일 퍼퓸,오일 퍼퓸 35,2028-05-01,181.0
오일 퍼퓸,오일 퍼퓸 35,2028-06-01,122.0
오일 퍼퓸,오일 퍼퓸 35,2028-07-01,163.0
오일 퍼퓸,오일 퍼퓸 35,2028-08-01,170.0
오일 퍼퓸,오일 퍼퓸 35,2028-09-01,118.0
오일 퍼퓸,오일 퍼퓸 35,2028-10-01,36.0
오일 퍼퓸,오일 퍼퓸 35,2028-11-01,0.0
오일 퍼퓸,오일 퍼퓸 35,2028-12-01,0.0
오일 퍼퓸,오일 퍼퓸 36,2028-01-01,58.0
오일 퍼퓸,오일 퍼퓸 36,2028-02-01,66.0
오일 퍼퓸,오일 퍼퓸 36,2028-03-01,101.0
오일 퍼퓸,오일 퍼퓸 36,2028-04-01,62.0
오일 퍼퓸,오일 퍼퓸 36,2028-05-01,44.0
오일 퍼퓸,오일 퍼퓸 36,2028-06-01,24.0
오일 퍼퓸,오일 퍼퓸 36,2028-07-01,32.0
오일 퍼퓸,오일 퍼퓸 36,2028-08-01,18.0
오일 퍼퓸,오일 퍼퓸 36,2028-09-01,8.0
오일 퍼퓸,오일 퍼퓸 36,2028-10-01,10.0
오일 퍼퓸,오일 퍼퓸 36,2028-11-01,0.0
오일 퍼퓸,오일 퍼퓸 36,2028-12-01,0.0
오일 퍼퓸,오일 퍼퓸 37,2028-01-01,44.0
오일 퍼퓸,오일 퍼퓸 37,2028-02-01,36.0
오일 퍼퓸,오일 퍼퓸 37,2028-03-01,44.0
오일 퍼퓸,오일 퍼퓸 37,2028-04-01,47.0
오일 퍼퓸,오일 퍼퓸 37,2028-05-01,20.0
오일 퍼퓸,오일 퍼퓸 37,2028-06-01,24.0
오일 퍼퓸,오일 퍼퓸 37,2028-07-01,37.0
오일 퍼퓸,오일 퍼퓸 37,2028-08-01,18.0
오일 퍼퓸,오일 퍼퓸 37,2028-09-01,137.0
오일 퍼퓸,오일 퍼퓸 37,2028-10-01,26.0
오일 퍼퓸,오일 퍼퓸 37,2028-11-01,0.0
오일 퍼퓸,오일 퍼퓸 37,2028-12-01,0.0
오일 퍼퓸,오일 퍼퓸 38,2028-01-01,0.0
오일 퍼퓸,오일 퍼퓸 38,2028-02-01,0.0
오일 퍼퓸,오일 퍼퓸 38,2028-03-01,0.0
오일 퍼퓸,오일 퍼퓸 38,2028-04-01,0.0
오일 퍼퓸,오일 퍼퓸 38,2028-05-01,0.0
오일 퍼퓸,오일 퍼퓸 38,2028-06-01,0.0
오일 퍼퓸,오일 퍼퓸 38,2028-07-01,0.0
오일 퍼퓸,오일 퍼퓸 38,2028-08-01,0.0
오일 퍼퓸,오일 퍼퓸 38,2028-09-01,0.0
오일 퍼퓸,오일 퍼퓸 38,2028-10-01,0.0
오일 퍼퓸,오일 퍼퓸 38,2028-11-01,0.0
오일 퍼퓸,오일 퍼퓸 38,2028-12-01,0.0
오일 퍼퓸,오일 퍼퓸 39,2028-01-01,0.0
오일 퍼퓸,오일 퍼퓸 39,2028-02-01,0.0
오일 퍼퓸,오일 퍼퓸 39,2028-03-01,0.0
오일 퍼퓸,오일 퍼퓸 39,2028-04-01,0.0
오일 퍼퓸,오일 퍼퓸 39,2028-05-01,0.0
오일 퍼퓸,오일 퍼퓸 39,2028-06-01,0.0
오일 퍼퓸,오일 퍼퓸 39,2028-07-01,0.0
오일 퍼퓸,오일 퍼퓸 39,2028-08-01,0.0
오일 퍼퓸,오일 퍼퓸 39,2028-09-01,0.0
오일 퍼퓸,오일 퍼퓸 39,2028-10-01,0.0
오일 퍼퓸,오일 퍼퓸 39,2028-11-01,0.0
오일 퍼퓸,오일 퍼퓸 39,2028-12-01,0.0
오일 퍼퓸,오일 퍼퓸 40,2028-01-01,0.0
오일 퍼퓸,오일 퍼퓸 40,2028-02-01,0.0
오일 퍼퓸,오일 퍼퓸 40,2028-03-01,0.0
오일 퍼퓸,오일 퍼퓸 40,2028-04-01,0.0
오일 퍼퓸,오일 퍼퓸 40,2028-05-01,0.0
오일 퍼퓸,오일 퍼퓸 40,2028-06-01,0.0
오일 퍼퓸,오일 퍼퓸 40,2028-07-01,0.0
오일 퍼퓸,오일 퍼퓸 40,2028-08-01,0.0
오일 퍼퓸,오일 퍼퓸 40,2028-09-01,0.0
오일 퍼퓸,오일 퍼퓸 40,2028-10-01,0.0
오일 퍼퓸,오일 퍼퓸 40,2028-11-01,0.0
오일 퍼퓸,오일 퍼퓸 40,2028-12-01,0.0
캔들,캔들 01,2028-01-01,0.0
캔들,캔들 01,2028-02-01,0.0
캔들,캔들 01,2028-03-01,4.0
캔들,캔들 01,2028-04-01,0.0
캔들,캔들 01,2028-05-01,0.0
캔들,캔들 01,2028-06-01,0.0
캔들,캔들 01,2028-07-01,0.0
캔들,캔들 01,2028-08-01,0.0
캔들,캔들 01,2028-09-01,0.0
캔들,캔들 01,2028-10-01,0.0
캔들,캔들 01,2028-11-01,0.0
캔들,캔들 01,2028-12-01,0.0
캔들,캔들 02,2028-01-01,275.0
캔들,캔들 02,2028-02-01,264.0
캔들,캔들 02,2028-03-01,256.0
캔들,캔들 02,2028-04-01,234.0
캔들,캔들 02,2028-05-01,234.0
캔들,캔들 02,2028-06-01,194.0
캔들,캔들 02,2028-07-01,209.0
캔들,캔들 02,2028-08-01,238.0
캔들,캔들 02,2028-09-01,243.0
캔들,캔들 02,2028-10-01,284.0
캔들,캔들 02,2028-11-01,400.0
캔들,캔들 02,2028-12-01,480.0
캔들,캔들 02,2029-01-01,307.0
캔들,캔들 02,2029-02-01,366.0
캔들,캔들 02,2029-03-01,270.0
캔들,캔들 02,2029-04-01,303.0
캔들,캔들 02,2029-05-01,280.0
캔들,캔들 03,2028-01-01,0.0
캔들,캔들 03,2028-02-01,0.0
캔들,캔들 03,2028-03-01,0.0
캔들,캔들 03,2028-04-01,0.0
캔들,캔들 03,2028-05-01,0.0
캔들,캔들 03,2028-06-01,0.0
캔들,캔들 03,2028-07-01,0.0
캔들,캔들 03,2028-08-01,0.0
캔들,캔들 03,2028-09-01,1.0
캔들,캔들 03,2028-10-01,0.0
캔들,캔들 03,2028-11-01,0.0
캔들,캔들 03,2028-12-01,0.0
캔들,캔들 04,2028-01-01,130.0
캔들,캔들 04,2028-02-01,113.0
캔들,캔들 04,2028-03-01,113.0
캔들,캔들 04,2028-04-01,111.0
캔들,캔들 04,2028-05-01,88.0
캔들,캔들 04,2028-06-01,124.0
캔들,캔들 04,2028-07-01,107.0
캔들,캔들 04,2028-08-01,117.0
캔들,캔들 04,2028-09-01,123.0
캔들,캔들 04,2028-10-01,139.0
캔들,캔들 04,2028-11-01,113.0
캔들,캔들 04,2028-12-01,229.0
캔들,캔들 04,2029-01-01,155.0
캔들,캔들 04,2029-02-01,112.0
캔들,캔들 04,2029-03-01,129.0
캔들,캔들 04,2029-04-01,112.0
캔들,캔들 04,2029-05-01,213.0
캔들,캔들 05,2028-01-01,14.0
캔들,캔들 05,2028-02-01,12.0
캔들,캔들 05,2028-03-01,25.0
캔들,캔들 05,2028-04-01,9.0
캔들,캔들 05,2028-05-01,9.0
캔들,캔들 05,2028-06-01,19.0
캔들,캔들 05,2028-07-01,13.0
캔들,캔들 05,2028-08-01,11.0
캔들,캔들 05,2028-09-01,5.0
캔들,캔들 05,2028-10-01,25.0
캔들,캔들 05,2028-11-01,20.0
캔들,캔들 05,2028-12-01,19.0
캔들,캔들 05,2029-01-01,13.0
캔들,캔들 05,2029-02-01,17.0
캔들,캔들 05,2029-03-01,24.0
캔들,캔들 05,2029-04-01,13.0
캔들,캔들 05,2029-05-01,47.0
캔들,캔들 06,2028-01-01,39.0
캔들,캔들 06,2028-02-01,39.0
캔들,캔들 06,2028-03-01,44.0
캔들,캔들 06,2028-04-01,30.0
캔들,캔들 06,2028-05-01,41.0
캔들,캔들 06,2028-06-01,36.0
캔들,캔들 06,2028-07-01,45.0
캔들,캔들 06,2028-08-01,51.0
캔들,캔들 06,2028-09-01,43.0
캔들,캔들 06,2028-10-01,49.0
캔들,캔들 06,2028-11-01,38.0
캔들,캔들 06,2028-12-01,72.0
캔들,캔들 06,2029-01-01,40.0
캔들,캔들 06,2029-02-01,35.0
캔들,캔들 06,2029-03-01,36.0
캔들,캔들 06,2029-04-01,27.0
캔들,캔들 06,2029-05-01,71.0
캔들,캔들 07,2028-01-01,90.0
캔들,캔들 07,2028-02-01,101.0
캔들,캔들 07,2028-03-01,100.0
캔들,캔들 07,2028-04-01,89.0
캔들,캔들 07,2028-05-01,93.0
캔들,캔들 07,2028-06-01,81.0
캔들,캔들 07,2028-07-01,78.0
캔들,캔들 07,2028-08-01,95.0
캔들,캔들 07,2028-09-01,114.0
캔들,캔들 07,2028-10-01,100.0
캔들,캔들 07,2028-11-01,82.0
캔들,캔들 07,2028-12-01,195.0
캔들,캔들 07,2029-01-01,110.0
캔들,캔들 07,2029-02-01,98.0
캔들,캔들 07,2029-03-01,74.0
캔들,캔들 07,2029-04-01,80.0
캔들,캔들 07,2029-05-01,118.0
캔들,캔들 08,2028-01-01,12.0
캔들,캔들 08,2028-02-01,13.0
캔들,캔들 08,2028-03-01,9.0
캔들,캔들 08,2028-04-01,8.0
캔들,캔들 08,2028-05-01,16.0
캔들,캔들 08,2028-06-01,17.0
캔들,캔들 08,2028-07-01,16.0
캔들,캔들 08,2028-08-01,13.0
캔들,캔들 08,2028-09-01,21.0
캔들,캔들 08,2028-10-01,20.0
캔들,캔들 08,2028-11-01,16.0
캔들,캔들 08,2028-12-01,20.0
캔들,캔들 08,2029-01-01,22.0
캔들,캔들 08,2029-02-01,12.0
캔들,캔들 08,2029-03-01,23.0
캔들,캔들 08,2029-04-01,9.0
캔들,캔들 08,2029-05-01,50.0
캔들,캔들 09,2028-01-01,0.0
캔들,캔들 09,2028-02-01,0.0
캔들,캔들 09,2028-03-01,0.0
캔들,캔들 09,2028-04-01,0.0
캔들,캔들 09,2028-05-01,0.0
캔들,캔들 09,2028-06-01,0.0
캔들,캔들 09,2028-07-01,0.0
캔들,캔들 09,2028-08-01,0.0
캔들,캔들 09,2028-09-01,0.0
캔들,캔들 09,2028-10-01,0.0
캔들,캔들 09,2028-11-01,0.0
캔들,캔들 09,2028-12-01,0.0
기타,기타 05,2028-01-01,0.0
기타,기타 05,2028-02-01,0.0
기타,기타 05,2028-03-01,0.0
기타,기타 05,2028-04-01,0.0
기타,기타 05,2028-05-01,0.0
기타,기타 05,2028-06-01,0.0
기타,기타 05,2028-07-01,0.0
기타,기타 05,2028-08-01,0.0
기타,기타 05,2028-09-01,0.0
기타,기타 05,2028-10-01,0.0
기타,기타 05,2028-11-01,0.0
기타,기타 05,2028-12-01,0.0
기타,기타 06,2028-01-01,0.0
기타,기타 06,2028-02-01,0.0
기타,기타 06,2028-03-01,0.0
기타,기타 06,2028-04-01,0.0
기타,기타 06,2028-05-01,0.0
기타,기타 06,2028-06-01,0.0
기타,기타 06,2028-07-01,0.0
기타,기타 06,2028-08-01,0.0
기타,기타 06,2028-09-01,0.0
기타,기타 06,2028-10-01,0.0
기타,기타 06,2028-11-01,0.0
기타,기타 06,2028-12-01,0.0
기타,기타 07,2028-01-01,0.0
기타,기타 07,2028-02-01,0.0
기타,기타 07,2028-03-01,0.0
기타,기타 07,2028-04-01,0.0
기타,기타 07,2028-05-01,0.0
기타,기타 07,2028-06-01,0.0
기타,기타 07,2028-07-01,0.0
기타,기타 07,2028-08-01,0.0
기타,기타 07,2028-09-01,0.0
기타,기타 07,2028-10-01,0.0
기타,기타 07,2028-11-01,0.0
기타,기타 07,2028-12-01,511.0
기타,기타 07,2029-01-01,2016.0
기타,기타 07,2029-02-01,1122.0
기타,기타 07,2029-03-01,899.0
기타,기타 07,2029-04-01,529.0
기타,기타 07,2029-05-01,493.0
기타,기타 08,2028-01-01,0.0
기타,기타 08,2028-02-01,0.0
기타,기타 08,2028-03-01,0.0
기타,기타 08,2028-04-01,89.0
기타,기타 08,2028-05-01,1304.0
기타,기타 08,2028-06-01,961.0
기타,기타 08,2028-07-01,1988.0
기타,기타 08,2028-08-01,829.0
기타,기타 08,2028-09-01,977.0
기타,기타 08,2028-10-01,913.0
기타,기타 08,2028-11-01,926.0
기타,기타 08,2028-12-01,1235.0
기타,기타 08,2029-01-01,976.0
기타,기타 08,2029-02-01,827.0
기타,기타 08,2029-03-01,786.0
기타,기타 08,2029-04-01,1081.0
기타,기타 08,2029-05-01,929.0
기타,기타 09,2028-01-01,938.0
기타,기타 09,2028-02-01,890.0
기타,기타 09,2028-03-01,773.0
기타,기타 09,2028-04-01,638.0
기타,기타 09,2028-05-01,592.0
기타,기타 09,2028-06-01,383.0
기타,기타 09,2028-07-01,324.0
기타,기타 09,2028-08-01,439.0
기타,기타 09,2028-09-01,715.0
기타,기타 09,2028-10-01,931.0
기타,기타 09,2028-11-01,937.0
기타,기타 09,2028-12-01,388.0
기타,기타 09,2029-01-01,10.0
기타,기타 09,2029-02-01,4.0
기타,기타 09,2029-03-01,570.0
기타,기타 09,2029-04-01,692.0
기타,기타 09,2029-05-01,1317.0
기타,기타 10,2028-01-01,0.0
기타,기타 10,2028-02-01,0.0
기타,기타 10,2028-03-01,0.0
기타,기타 10,2028-04-01,0.0
기타,기타 10,2028-05-01,0.0
기타,기타 10,2028-06-01,0.0
기타,기타 10,2028-07-01,0.0
기타,기타 10,2028-08-01,0.0
기타,기타 10,2028-09-01,0.0
기타,기타 10,2028-10-01,0.0
기타,기타 10,2028-11-01,0.0
기타,기타 10,2028-12-01,0.0
기타,기타 11,2028-01-01,4443.0
기타,기타 11,2028-02-01,3894.0
기타,기타 11,2028-03-01,3942.0
기타,기타 11,2028-04-01,2916.0
기타,기타 11,2028-05-01,2616.0
기타,기타 11,2028-06-01,2062.0
기타,기타 11,2028-07-01,2235.0
기타,기타 11,2028-08-01,1867.0
기타,기타 11,2028-09-01,2806.0
기타,기타 11,2028-10-01,3707.0
기타,기타 11,2028-11-01,3000.0
기타,기타 11,2028-12-01,10776.0
기타,기타 11,2029-01-01,5963.0
기타,기타 11,2029-02-01,2953.0
기타,기타 11,2029-03-01,4638.0
기타,기타 11,2029-04-01,3969.0
기타,기타 11,2029-05-01,3759.0
기타,기타 12,2029-01-01,0.0
기타,기타 12,2029-02-01,0.0
기타,기타 12,2029-03-01,0.0
기타,기타 12,2029-04-01,19.0
기타,기타 12,2029-05-01,226.0
기타,기타 13,2028-01-01,9.0
기타,기타 13,2028-02-01,82.0
기타,기타 13,2028-03-01,79.0
기타,기타 13,2028-04-01,4.0
기타,기타 13,2028-05-01,0.0
기타,기타 13,2028-06-01,0.0
기타,기타 13,2028-07-01,0.0
기타,기타 13,2028-08-01,0.0
기타,기타 13,2028-09-01,0.0
기타,기타 13,2028-10-01,0.0
기타,기타 13,2028-11-01,0.0
기타,기타 13,2028-12-01,0.0
기타,기타 14,2028-01-01,0.0
기타,기타 14,2028-02-01,0.0
기타,기타 14,2028-03-01,133.0
기타,기타 14,2028-04-01,0.0
기타,기타 14,2028-05-01,0.0
기타,기타 14,2028-06-01,0.0
기타,기타 14,2028-07-01,0.0
기타,기타 14,2028-08-01,0.0
기타,기타 14,2028-09-01,0.0
기타,기타 14,2028-10-01,0.0
기타,기타 14,2028-11-01,0.0
기타,기타 14,2028-12-01,0.0
기타,기타 15,2028-01-01,0.0
기타,기타 15,2028-02-01,0.0
기타,기타 15,2028-03-01,95.0
기타,기타 15,2028-04-01,0.0
기타,기타 15,2028-05-01,0.0
기타,기타 15,2028-06-01,0.0
기타,기타 15,2028-07-01,0.0
기타,기타 15,2028-08-01,0.0
기타,기타 15,2028-09-01,0.0
기타,기타 15,2028-10-01,0.0
기타,기타 15,2028-11-01,0.0
기타,기타 15,2028-12-01,0.0
